FIR_Number,Date,Location,Crime_Type,Complainant_Name,Complainant_Phone,Officer_Name,Description
BLR-2024-0001,2026-02-28,Cunningham Road,Domestic Violence,Gopal Vohra,+91 985700 0534,Aditya Dora,A case of domestic violence occurred near Cunningham Road area in Bangalore. The complainant stated that the incident took place during the early hours. The accused fled the scene before authorities could arrive. Officers have collected evidence and are currently pursuing leads.
BLR-2024-0002,2025-08-19,Malleshwaram,Robbery,Nidhi Sanghvi,+91 800437 2581,Azaan Vaidya,"An incident of robbery was reported in Malleshwaram, Bangalore. The victim approached the local police station and filed a complaint. Witnesses present at the scene confirmed the occurrence of the incident. Police have registered the case and begun their investigation."
BLR-2024-0003,2026-04-30,JP Nagar,Theft,Sanaya Upadhyay,+91 832902 2401,Yuvraj Naik,Residents of JP Nagar reported a theft incident to the police. The victim sustained losses and immediately notified the nearest police station. CCTV footage from nearby cameras is being reviewed by the investigating team. The police have assured that the matter will be resolved promptly.
BLR-2024-0004,2025-08-04,Jayanagar,Stalking,Wahab Palan,+91 949529 5014,Ikbal Oak,A case of stalking occurred near Jayanagar area in Bangalore. The complainant stated that the incident took place during the early hours. The accused fled the scene before authorities could arrive. Officers have collected evidence and are currently pursuing leads.
BLR-2024-0005,2026-01-09,Marathahalli,Burglary,Devansh Sandal,+91 987971 2232,Eta Varghese,A complaint regarding burglary was lodged at the Marathahalli police station. The incident reportedly occurred in a busy area during daylight hours. Local authorities have taken cognizance of the matter and filed an FIR. Further investigation is underway to identify and apprehend the suspect.
BLR-2024-0006,2025-09-13,Indiranagar,Cheating,Jonathan Lala,+91 909951 2295,Idika Kota,Residents of Indiranagar reported a cheating incident to the police. The victim sustained losses and immediately notified the nearest police station. CCTV footage from nearby cameras is being reviewed by the investigating team. The police have assured that the matter will be resolved promptly.
BLR-2024-0007,2026-01-02,Sarjapur,Kidnapping,Ishanvi Goyal,+91 956555 7893,Krisha Sarraf,Residents of Sarjapur reported a kidnapping incident to the police. The victim sustained losses and immediately notified the nearest police station. CCTV footage from nearby cameras is being reviewed by the investigating team. The police have assured that the matter will be resolved promptly.
BLR-2024-0008,2025-11-23,Kammanahalli,Vehicle Theft,Ikbal Sheth,+91 972992 0696,Damini Menon,"An incident of vehicle theft was reported in Kammanahalli, Bangalore. The victim approached the local police station and filed a complaint. Witnesses present at the scene confirmed the occurrence of the incident. Police have registered the case and begun their investigation."
BLR-2024-0009,2025-08-25,Hebbal,Chain Snatching,Bhavani Ghosh,+91 911431 7055,Naveen Saha,A complaint regarding chain snatching was lodged at the Hebbal police station. The incident reportedly occurred in a busy area during daylight hours. Local authorities have taken cognizance of the matter and filed an FIR. Further investigation is underway to identify and apprehend the suspect.
BLR-2024-0010,2025-10-27,MG Road,Cybercrime,Chavvi Bumb,+91 727706 0128,Shivani Saha,Residents of MG Road reported a cybercrime incident to the police. The victim sustained losses and immediately notified the nearest police station. CCTV footage from nearby cameras is being reviewed by the investigating team. The police have assured that the matter will be resolved promptly.
BLR-2024-0011,2025-06-11,Hebbal,Hit and Run,Pavani Gulati,+91 841852 6996,Manya Vaidya,A case of hit and run occurred near Hebbal area in Bangalore. The complainant stated that the incident took place during the early hours. The accused fled the scene before authorities could arrive. Officers have collected evidence and are currently pursuing leads.
BLR-2024-0012,2025-06-18,Electronic City,Robbery,Eiravati Dugar,+91 805508 9181,Saksham Behl,A complaint regarding robbery was lodged at the Electronic City police station. The incident reportedly occurred in a busy area during daylight hours. Local authorities have taken cognizance of the matter and filed an FIR. Further investigation is underway to identify and apprehend the suspect.
BLR-2024-0013,2025-09-23,Malleshwaram,Fraud,Saksham Pandya,+91 863491 3006,Nandini Samra,Residents of Malleshwaram reported a fraud incident to the police. The victim sustained losses and immediately notified the nearest police station. CCTV footage from nearby cameras is being reviewed by the investigating team. The police have assured that the matter will be resolved promptly.
BLR-2024-0014,2026-03-12,Brigade Road,Vandalism,Nimrat Amble,+91 932277 4941,Reyansh Khalsa,"An incident of vandalism was reported in Brigade Road, Bangalore. The victim approached the local police station and filed a complaint. Witnesses present at the scene confirmed the occurrence of the incident. Police have registered the case and begun their investigation."
BLR-2024-0015,2025-08-27,Vijayanagar,Fraud,Waida Hegde,+91 777914 3140,Chakradev Varughese,"An incident of fraud was reported in Vijayanagar, Bangalore. The victim approached the local police station and filed a complaint. Witnesses present at the scene confirmed the occurrence of the incident. Police have registered the case and begun their investigation."
BLR-2024-0016,2025-08-25,Bannerghatta Road,Stalking,Imaran Mand,+91 954782 7826,Naksh Chaudry,Residents of Bannerghatta Road reported a stalking incident to the police. The victim sustained losses and immediately notified the nearest police station. CCTV footage from nearby cameras is being reviewed by the investigating team. The police have assured that the matter will be resolved promptly.
BLR-2024-0017,2025-10-15,Koramangala,Robbery,Oliver Sahota,+91 921326 2934,David Dar,Residents of Koramangala reported a robbery incident to the police. The victim sustained losses and immediately notified the nearest police station. CCTV footage from nearby cameras is being reviewed by the investigating team. The police have assured that the matter will be resolved promptly.
BLR-2024-0018,2026-02-27,Bellandur,Vehicle Theft,Ansh Dey,+91 988053 1915,Darpan Mangal,A complaint regarding vehicle theft was lodged at the Bellandur police station. The incident reportedly occurred in a busy area during daylight hours. Local authorities have taken cognizance of the matter and filed an FIR. Further investigation is underway to identify and apprehend the suspect.
BLR-2024-0019,2026-05-07,Frazer Town,Drug Possession,Gopal Brahmbhatt,+91 763518 9945,Rajeshri Murty,A case of drug possession occurred near Frazer Town area in Bangalore. The complainant stated that the incident took place during the early hours. The accused fled the scene before authorities could arrive. Officers have collected evidence and are currently pursuing leads.
BLR-2024-0020,2026-02-10,Hebbal,Chain Snatching,Lucky Dave,+91 919702 1764,Guneet Dara,A case of chain snatching occurred near Hebbal area in Bangalore. The complainant stated that the incident took place during the early hours. The accused fled the scene before authorities could arrive. Officers have collected evidence and are currently pursuing leads.
BLR-2024-0021,2026-03-23,Vijayanagar,Domestic Violence,Abdul Ben,+91 803002 8428,Ekalinga Sagar,A case of domestic violence occurred near Vijayanagar area in Bangalore. The complainant stated that the incident took place during the early hours. The accused fled the scene before authorities could arrive. Officers have collected evidence and are currently pursuing leads.
BLR-2024-0022,2026-04-22,Yelahanka,Vandalism,Adya Sane,+91 998263 0498,Nirja Doshi,A complaint regarding vandalism was lodged at the Yelahanka police station. The incident reportedly occurred in a busy area during daylight hours. Local authorities have taken cognizance of the matter and filed an FIR. Further investigation is underway to identify and apprehend the suspect.
BLR-2024-0023,2026-04-12,Yelahanka,Kidnapping,Ayaan Bal,+91 832229 7053,Jonathan Tailor,A complaint regarding kidnapping was lodged at the Yelahanka police station. The incident reportedly occurred in a busy area during daylight hours. Local authorities have taken cognizance of the matter and filed an FIR. Further investigation is underway to identify and apprehend the suspect.
BLR-2024-0024,2026-05-17,Shivajinagar,Cybercrime,Luke Toor,+91 730794 7638,Praneel Bath,A complaint regarding cybercrime was lodged at the Shivajinagar police station. The incident reportedly occurred in a busy area during daylight hours. Local authorities have taken cognizance of the matter and filed an FIR. Further investigation is underway to identify and apprehend the suspect.
BLR-2024-0025,2026-01-23,Marathahalli,Chain Snatching,Aarna Chokshi,+91 717924 6459,Riya Batta,Residents of Marathahalli reported a chain snatching incident to the police. The victim sustained losses and immediately notified the nearest police station. CCTV footage from nearby cameras is being reviewed by the investigating team. The police have assured that the matter will be resolved promptly.
BLR-2024-0026,2025-10-27,Frazer Town,Theft,Amaira Anne,+91 880946 6317,Samarth Subramanian,Residents of Frazer Town reported a theft incident to the police. The victim sustained losses and immediately notified the nearest police station. CCTV footage from nearby cameras is being reviewed by the investigating team. The police have assured that the matter will be resolved promptly.
BLR-2024-0027,2026-02-06,Kammanahalli,Vehicle Theft,Abeer Nigam,+91 856510 5784,Chakradhar Buch,A case of vehicle theft occurred near Kammanahalli area in Bangalore. The complainant stated that the incident took place during the early hours. The accused fled the scene before authorities could arrive. Officers have collected evidence and are currently pursuing leads.
BLR-2024-0028,2025-06-11,HSR Layout,Hit and Run,Bhanumati Doctor,+91 862450 0330,Tara Krishnamurthy,"An incident of hit and run was reported in HSR Layout, Bangalore. The victim approached the local police station and filed a complaint. Witnesses present at the scene confirmed the occurrence of the incident. Police have registered the case and begun their investigation."
BLR-2024-0029,2026-03-20,BTM Layout,Assault,Sai Chad,+91 927111 8316,Naksh Mangal,"An incident of assault was reported in BTM Layout, Bangalore. The victim approached the local police station and filed a complaint. Witnesses present at the scene confirmed the occurrence of the incident. Police have registered the case and begun their investigation."
BLR-2024-0030,2026-03-12,Koramangala,Vandalism,Xavier Thakur,+91 735760 8033,Waida Maharaj,A complaint regarding vandalism was lodged at the Koramangala police station. The incident reportedly occurred in a busy area during daylight hours. Local authorities have taken cognizance of the matter and filed an FIR. Further investigation is underway to identify and apprehend the suspect.
BLR-2024-0031,2026-04-22,Indiranagar,Burglary,Jasmit Goel,+91 761953 6534,Tristan Jayaraman,A case of burglary occurred near Indiranagar area in Bangalore. The complainant stated that the incident took place during the early hours. The accused fled the scene before authorities could arrive. Officers have collected evidence and are currently pursuing leads.
BLR-2024-0032,2025-11-20,Vijayanagar,Cybercrime,Jagvi Sachdev,+91 865717 0459,Alka Gupta,Residents of Vijayanagar reported a cybercrime incident to the police. The victim sustained losses and immediately notified the nearest police station. CCTV footage from nearby cameras is being reviewed by the investigating team. The police have assured that the matter will be resolved promptly.
BLR-2024-0033,2025-06-28,Frazer Town,Kidnapping,Gautam Kant,+91 766944 0770,Kiaan Kala,A case of kidnapping occurred near Frazer Town area in Bangalore. The complainant stated that the incident took place during the early hours. The accused fled the scene before authorities could arrive. Officers have collected evidence and are currently pursuing leads.
BLR-2024-0034,2025-06-09,Bellandur,Cheating,Orinder Arya,+91 935947 2358,Aarini Venkataraman,A complaint regarding cheating was lodged at the Bellandur police station. The incident reportedly occurred in a busy area during daylight hours. Local authorities have taken cognizance of the matter and filed an FIR. Further investigation is underway to identify and apprehend the suspect.
BLR-2024-0035,2025-10-24,Frazer Town,Assault,Girindra Raju,+91 933179 4601,Kabir Saraf,A complaint regarding assault was lodged at the Frazer Town police station. The incident reportedly occurred in a busy area during daylight hours. Local authorities have taken cognizance of the matter and filed an FIR. Further investigation is underway to identify and apprehend the suspect.
BLR-2024-0036,2025-12-04,Marathahalli,Fraud,Ranveer Konda,+91 992521 2162,Wakeeta Bahl,A case of fraud occurred near Marathahalli area in Bangalore. The complainant stated that the incident took place during the early hours. The accused fled the scene before authorities could arrive. Officers have collected evidence and are currently pursuing leads.
BLR-2024-0037,2025-07-26,Brigade Road,Cheating,Meera Comar,+91 724973 0715,Shravya Bedi,"An incident of cheating was reported in Brigade Road, Bangalore. The victim approached the local police station and filed a complaint. Witnesses present at the scene confirmed the occurrence of the incident. Police have registered the case and begun their investigation."
BLR-2024-0038,2026-05-11,Yelahanka,Vandalism,Veda Chakrabarti,+91 780853 3107,Harsh Kunda,"An incident of vandalism was reported in Yelahanka, Bangalore. The victim approached the local police station and filed a complaint. Witnesses present at the scene confirmed the occurrence of the incident. Police have registered the case and begun their investigation."
BLR-2024-0039,2025-08-27,Frazer Town,Fraud,Yashawini Rajagopalan,+91 747760 8793,Xalak Swamy,A complaint regarding fraud was lodged at the Frazer Town police station. The incident reportedly occurred in a busy area during daylight hours. Local authorities have taken cognizance of the matter and filed an FIR. Further investigation is underway to identify and apprehend the suspect.
BLR-2024-0040,2025-12-11,BTM Layout,Theft,Bina Kamdar,+91 890742 1735,Jagvi Choudhry,Residents of BTM Layout reported a theft incident to the police. The victim sustained losses and immediately notified the nearest police station. CCTV footage from nearby cameras is being reviewed by the investigating team. The police have assured that the matter will be resolved promptly.
BLR-2024-0041,2026-03-26,Bannerghatta Road,Drug Possession,Qarin Mital,+91 816746 6984,Saanvi Manda,A case of drug possession occurred near Bannerghatta Road area in Bangalore. The complainant stated that the incident took place during the early hours. The accused fled the scene before authorities could arrive. Officers have collected evidence and are currently pursuing leads.
BLR-2024-0042,2025-06-22,Yelahanka,Chain Snatching,Samesh Chatterjee,+91 760598 3516,Balveer Purohit,A complaint regarding chain snatching was lodged at the Yelahanka police station. The incident reportedly occurred in a busy area during daylight hours. Local authorities have taken cognizance of the matter and filed an FIR. Further investigation is underway to identify and apprehend the suspect.
BLR-2024-0043,2026-01-31,MG Road,Vehicle Theft,Owen Vala,+91 958824 9694,Joshua Bahri,A case of vehicle theft occurred near MG Road area in Bangalore. The complainant stated that the incident took place during the early hours. The accused fled the scene before authorities could arrive. Officers have collected evidence and are currently pursuing leads.
BLR-2024-0044,2026-04-26,HSR Layout,Assault,Zilmil Dhar,+91 847670 7794,Abha Sarma,A case of assault occurred near HSR Layout area in Bangalore. The complainant stated that the incident took place during the early hours. The accused fled the scene before authorities could arrive. Officers have collected evidence and are currently pursuing leads.
BLR-2024-0045,2026-01-02,Brigade Road,Domestic Violence,Robert Ghose,+91 997446 5518,Edhitha Shenoy,A complaint regarding domestic violence was lodged at the Brigade Road police station. The incident reportedly occurred in a busy area during daylight hours. Local authorities have taken cognizance of the matter and filed an FIR. Further investigation is underway to identify and apprehend the suspect.
BLR-2024-0046,2025-07-01,Kammanahalli,Stalking,Kashish Naidu,+91 867589 2280,Osha Sabharwal,"An incident of stalking was reported in Kammanahalli, Bangalore. The victim approached the local police station and filed a complaint. Witnesses present at the scene confirmed the occurrence of the incident. Police have registered the case and begun their investigation."
BLR-2024-0047,2026-03-03,Sarjapur,Robbery,Kamya Deo,+91 865095 4035,Nitesh Bala,A complaint regarding robbery was lodged at the Sarjapur police station. The incident reportedly occurred in a busy area during daylight hours. Local authorities have taken cognizance of the matter and filed an FIR. Further investigation is underway to identify and apprehend the suspect.
BLR-2024-0048,2026-05-24,Vijayanagar,Burglary,Ria Lata,+91 787165 9215,Kalpit Rastogi,A complaint regarding burglary was lodged at the Vijayanagar police station. The incident reportedly occurred in a busy area during daylight hours. Local authorities have taken cognizance of the matter and filed an FIR. Further investigation is underway to identify and apprehend the suspect.
BLR-2024-0049,2026-03-18,MG Road,Theft,Meghana Swamy,+91 997765 9610,Oeshi Pall,A case of theft occurred near MG Road area in Bangalore. The complainant stated that the incident took place during the early hours. The accused fled the scene before authorities could arrive. Officers have collected evidence and are currently pursuing leads.
BLR-2024-0050,2025-12-21,Rajajinagar,Stalking,Jason Chhabra,+91 835632 2509,Abhimanyu Raja,A complaint regarding stalking was lodged at the Rajajinagar police station. The incident reportedly occurred in a busy area during daylight hours. Local authorities have taken cognizance of the matter and filed an FIR. Further investigation is underway to identify and apprehend the suspect.
BLR-2024-0051,2026-04-29,Bellandur,Hit and Run,Harsh Swamy,+91 823276 5403,Ishanvi Nigam,A case of hit and run occurred near Bellandur area in Bangalore. The complainant stated that the incident took place during the early hours. The accused fled the scene before authorities could arrive. Officers have collected evidence and are currently pursuing leads.
BLR-2024-0052,2025-11-09,Vijayanagar,Domestic Violence,Nikita Kashyap,+91 796598 6730,Hemangini Sanghvi,Residents of Vijayanagar reported a domestic violence incident to the police. The victim sustained losses and immediately notified the nearest police station. CCTV footage from nearby cameras is being reviewed by the investigating team. The police have assured that the matter will be resolved promptly.
BLR-2024-0053,2026-04-03,Indiranagar,Burglary,Damyanti Pandya,+91 762900 2258,Joshua Apte,Residents of Indiranagar reported a burglary incident to the police. The victim sustained losses and immediately notified the nearest police station. CCTV footage from nearby cameras is being reviewed by the investigating team. The police have assured that the matter will be resolved promptly.
BLR-2024-0054,2026-02-20,Bannerghatta Road,Robbery,Arunima Sarraf,+91 932744 0858,Diya Chahal,A complaint regarding robbery was lodged at the Bannerghatta Road police station. The incident reportedly occurred in a busy area during daylight hours. Local authorities have taken cognizance of the matter and filed an FIR. Further investigation is underway to identify and apprehend the suspect.
BLR-2024-0055,2025-06-23,Koramangala,Stalking,Yashasvi Dhingra,+91 928399 6930,Arin Sanghvi,A case of stalking occurred near Koramangala area in Bangalore. The complainant stated that the incident took place during the early hours. The accused fled the scene before authorities could arrive. Officers have collected evidence and are currently pursuing leads.
BLR-2024-0056,2025-06-26,Jayanagar,Hit and Run,Yauvani Guha,+91 744047 0342,Eshana Dayal,A case of hit and run occurred near Jayanagar area in Bangalore. The complainant stated that the incident took place during the early hours. The accused fled the scene before authorities could arrive. Officers have collected evidence and are currently pursuing leads.
BLR-2024-0057,2026-04-25,Brigade Road,Kidnapping,Nimrat Sule,+91 892298 8166,Upadhriti Krishnamurthy,Residents of Brigade Road reported a kidnapping incident to the police. The victim sustained losses and immediately notified the nearest police station. CCTV footage from nearby cameras is being reviewed by the investigating team. The police have assured that the matter will be resolved promptly.
BLR-2024-0058,2026-05-06,Basavanagudi,Chain Snatching,Abha Mohan,+91 943322 8969,Tara Dubey,A case of chain snatching occurred near Basavanagudi area in Bangalore. The complainant stated that the incident took place during the early hours. The accused fled the scene before authorities could arrive. Officers have collected evidence and are currently pursuing leads.
BLR-2024-0059,2026-03-25,Jayanagar,Vehicle Theft,Advika Seth,+91 751554 1560,Darsh Aurora,A case of vehicle theft occurred near Jayanagar area in Bangalore. The complainant stated that the incident took place during the early hours. The accused fled the scene before authorities could arrive. Officers have collected evidence and are currently pursuing leads.
BLR-2024-0060,2025-06-08,Bellandur,Cybercrime,Shivansh Ganesan,+91 937095 3570,David Gole,A complaint regarding cybercrime was lodged at the Bellandur police station. The incident reportedly occurred in a busy area during daylight hours. Local authorities have taken cognizance of the matter and filed an FIR. Further investigation is underway to identify and apprehend the suspect.
BLR-2024-0061,2026-04-27,Brigade Road,Robbery,Zilmil Rajan,+91 824775 7543,Ikshita Kibe,"An incident of robbery was reported in Brigade Road, Bangalore. The victim approached the local police station and filed a complaint. Witnesses present at the scene confirmed the occurrence of the incident. Police have registered the case and begun their investigation."
BLR-2024-0062,2025-08-05,Indiranagar,Fraud,Urvashi Narain,+91 732158 3065,Neha Rattan,A case of fraud occurred near Indiranagar area in Bangalore. The complainant stated that the incident took place during the early hours. The accused fled the scene before authorities could arrive. Officers have collected evidence and are currently pursuing leads.
BLR-2024-0063,2026-04-25,Bannerghatta Road,Chain Snatching,Girindra Kata,+91 765708 2257,Charvi Ghose,A case of chain snatching occurred near Bannerghatta Road area in Bangalore. The complainant stated that the incident took place during the early hours. The accused fled the scene before authorities could arrive. Officers have collected evidence and are currently pursuing leads.
BLR-2024-0064,2025-08-24,Frazer Town,Kidnapping,Sanaya Chand,+91 918637 9917,Brijesh Mander,"An incident of kidnapping was reported in Frazer Town, Bangalore. The victim approached the local police station and filed a complaint. Witnesses present at the scene confirmed the occurrence of the incident. Police have registered the case and begun their investigation."
BLR-2024-0065,2026-04-06,MG Road,Vandalism,Jasmit Subramanian,+91 908253 6531,Garima Comar,A complaint regarding vandalism was lodged at the MG Road police station. The incident reportedly occurred in a busy area during daylight hours. Local authorities have taken cognizance of the matter and filed an FIR. Further investigation is underway to identify and apprehend the suspect.
BLR-2024-0066,2025-06-14,Bannerghatta Road,Theft,Umang Sunder,+91 914987 8130,Ojasvi Rege,"An incident of theft was reported in Bannerghatta Road, Bangalore. The victim approached the local police station and filed a complaint. Witnesses present at the scene confirmed the occurrence of the incident. Police have registered the case and begun their investigation."
BLR-2024-0067,2025-06-30,Malleshwaram,Cheating,Chaitaly Bawa,+91 948260 4754,Bhavya Balay,Residents of Malleshwaram reported a cheating incident to the police. The victim sustained losses and immediately notified the nearest police station. CCTV footage from nearby cameras is being reviewed by the investigating team. The police have assured that the matter will be resolved promptly.
BLR-2024-0068,2025-07-17,Hebbal,Robbery,Chandani Kothari,+91 781524 9971,Yashawini Tank,Residents of Hebbal reported a robbery incident to the police. The victim sustained losses and immediately notified the nearest police station. CCTV footage from nearby cameras is being reviewed by the investigating team. The police have assured that the matter will be resolved promptly.
BLR-2024-0069,2026-03-16,Whitefield,Vehicle Theft,Anamika Bobal,+91 751676 6635,Vivaan Parikh,A case of vehicle theft occurred near Whitefield area in Bangalore. The complainant stated that the incident took place during the early hours. The accused fled the scene before authorities could arrive. Officers have collected evidence and are currently pursuing leads.
BLR-2024-0070,2025-07-12,Sarjapur,Burglary,Diya Nanda,+91 742539 0886,Isaac Behl,A complaint regarding burglary was lodged at the Sarjapur police station. The incident reportedly occurred in a busy area during daylight hours. Local authorities have taken cognizance of the matter and filed an FIR. Further investigation is underway to identify and apprehend the suspect.
BLR-2024-0071,2025-06-14,JP Nagar,Cheating,Kamala Sodhi,+91 964482 9528,Anmol Prakash,A case of cheating occurred near JP Nagar area in Bangalore. The complainant stated that the incident took place during the early hours. The accused fled the scene before authorities could arrive. Officers have collected evidence and are currently pursuing leads.
BLR-2024-0072,2025-10-13,Basavanagudi,Domestic Violence,Daksh Bhatti,+91 707010 9317,Dipta Pathak,"An incident of domestic violence was reported in Basavanagudi, Bangalore. The victim approached the local police station and filed a complaint. Witnesses present at the scene confirmed the occurrence of the incident. Police have registered the case and begun their investigation."
BLR-2024-0073,2025-09-13,Koramangala,Assault,Pallavi Krish,+91 999007 9994,Aarnav Sunder,A case of assault occurred near Koramangala area in Bangalore. The complainant stated that the incident took place during the early hours. The accused fled the scene before authorities could arrive. Officers have collected evidence and are currently pursuing leads.
BLR-2024-0074,2025-09-05,Jayanagar,Fraud,Laban Rai,+91 826073 7005,Chatura Ganesh,A case of fraud occurred near Jayanagar area in Bangalore. The complainant stated that the incident took place during the early hours. The accused fled the scene before authorities could arrive. Officers have collected evidence and are currently pursuing leads.
BLR-2024-0075,2026-01-31,Brigade Road,Drug Possession,Vamakshi Mitter,+91 786190 3366,Ucchal Das,Residents of Brigade Road reported a drug possession incident to the police. The victim sustained losses and immediately notified the nearest police station. CCTV footage from nearby cameras is being reviewed by the investigating team. The police have assured that the matter will be resolved promptly.
BLR-2024-0076,2026-02-08,Bellandur,Fraud,Lakshmi Sachdeva,+91 730048 7400,Bhavna Venkataraman,A case of fraud occurred near Bellandur area in Bangalore. The complainant stated that the incident took place during the early hours. The accused fled the scene before authorities could arrive. Officers have collected evidence and are currently pursuing leads.
BLR-2024-0077,2025-10-30,Yelahanka,Vandalism,Turvi Tripathi,+91 726189 4924,Upasna Kulkarni,Residents of Yelahanka reported a vandalism incident to the police. The victim sustained losses and immediately notified the nearest police station. CCTV footage from nearby cameras is being reviewed by the investigating team. The police have assured that the matter will be resolved promptly.
BLR-2024-0078,2026-04-21,Basavanagudi,Vandalism,Anmol Gera,+91 924595 1949,Zaid Swamy,A complaint regarding vandalism was lodged at the Basavanagudi police station. The incident reportedly occurred in a busy area during daylight hours. Local authorities have taken cognizance of the matter and filed an FIR. Further investigation is underway to identify and apprehend the suspect.
BLR-2024-0079,2025-08-16,Shivajinagar,Fraud,Charvi Doshi,+91 844675 0977,Victor Sangha,Residents of Shivajinagar reported a fraud incident to the police. The victim sustained losses and immediately notified the nearest police station. CCTV footage from nearby cameras is being reviewed by the investigating team. The police have assured that the matter will be resolved promptly.
BLR-2024-0080,2025-07-26,Malleshwaram,Domestic Violence,Aashi Mitter,+91 782680 7085,Yashvi Karpe,A case of domestic violence occurred near Malleshwaram area in Bangalore. The complainant stated that the incident took place during the early hours. The accused fled the scene before authorities could arrive. Officers have collected evidence and are currently pursuing leads.
BLR-2024-0081,2026-05-02,Vijayanagar,Vehicle Theft,Shivansh Kumar,+91 883023 1208,Henry Basak,A complaint regarding vehicle theft was lodged at the Vijayanagar police station. The incident reportedly occurred in a busy area during daylight hours. Local authorities have taken cognizance of the matter and filed an FIR. Further investigation is underway to identify and apprehend the suspect.
BLR-2024-0082,2026-05-01,MG Road,Stalking,Sarthak Acharya,+91 885903 3923,Gauri Merchant,A complaint regarding stalking was lodged at the MG Road police station. The incident reportedly occurred in a busy area during daylight hours. Local authorities have taken cognizance of the matter and filed an FIR. Further investigation is underway to identify and apprehend the suspect.
BLR-2024-0083,2025-07-18,Koramangala,Hit and Run,Ganga Bal,+91 851096 7968,Chandresh Reddy,A case of hit and run occurred near Koramangala area in Bangalore. The complainant stated that the incident took place during the early hours. The accused fled the scene before authorities could arrive. Officers have collected evidence and are currently pursuing leads.
BLR-2024-0084,2025-08-18,Jayanagar,Burglary,Lipika Ganguly,+91 786571 9655,Chasmum Chakrabarti,Residents of Jayanagar reported a burglary incident to the police. The victim sustained losses and immediately notified the nearest police station. CCTV footage from nearby cameras is being reviewed by the investigating team. The police have assured that the matter will be resolved promptly.
BLR-2024-0085,2026-04-13,JP Nagar,Vandalism,Brijesh Mahajan,+91 910858 0100,Mohini Dua,A complaint regarding vandalism was lodged at the JP Nagar police station. The incident reportedly occurred in a busy area during daylight hours. Local authorities have taken cognizance of the matter and filed an FIR. Further investigation is underway to identify and apprehend the suspect.
BLR-2024-0086,2025-11-20,Bellandur,Hit and Run,Gagan Pal,+91 871151 3520,Samesh Dewan,A complaint regarding hit and run was lodged at the Bellandur police station. The incident reportedly occurred in a busy area during daylight hours. Local authorities have taken cognizance of the matter and filed an FIR. Further investigation is underway to identify and apprehend the suspect.
BLR-2024-0087,2026-03-25,Basavanagudi,Hit and Run,Mahika Comar,+91 829621 4996,Sachi Parekh,A complaint regarding hit and run was lodged at the Basavanagudi police station. The incident reportedly occurred in a busy area during daylight hours. Local authorities have taken cognizance of the matter and filed an FIR. Further investigation is underway to identify and apprehend the suspect.
BLR-2024-0088,2025-06-20,JP Nagar,Kidnapping,Vamakshi Singh,+91 947614 4817,Isha Thaman,A complaint regarding kidnapping was lodged at the JP Nagar police station. The incident reportedly occurred in a busy area during daylight hours. Local authorities have taken cognizance of the matter and filed an FIR. Further investigation is underway to identify and apprehend the suspect.
BLR-2024-0089,2025-11-30,Kammanahalli,Stalking,Saksham Borra,+91 937991 5403,Yash Aggarwal,A complaint regarding stalking was lodged at the Kammanahalli police station. The incident reportedly occurred in a busy area during daylight hours. Local authorities have taken cognizance of the matter and filed an FIR. Further investigation is underway to identify and apprehend the suspect.
BLR-2024-0090,2026-05-08,Bellandur,Vandalism,Amaira Sarraf,+91 950202 8548,Krisha Luthra,A complaint regarding vandalism was lodged at the Bellandur police station. The incident reportedly occurred in a busy area during daylight hours. Local authorities have taken cognizance of the matter and filed an FIR. Further investigation is underway to identify and apprehend the suspect.
BLR-2024-0091,2025-10-29,Cunningham Road,Domestic Violence,Ekaja Ravel,+91 963847 0253,Alexander Pingle,A complaint regarding domestic violence was lodged at the Cunningham Road police station. The incident reportedly occurred in a busy area during daylight hours. Local authorities have taken cognizance of the matter and filed an FIR. Further investigation is underway to identify and apprehend the suspect.
BLR-2024-0092,2025-09-28,MG Road,Domestic Violence,Zayan Nigam,+91 982606 3990,Vihaan Grewal,Residents of MG Road reported a domestic violence incident to the police. The victim sustained losses and immediately notified the nearest police station. CCTV footage from nearby cameras is being reviewed by the investigating team. The police have assured that the matter will be resolved promptly.
BLR-2024-0093,2025-06-14,Kammanahalli,Hit and Run,Michael Mitter,+91 967013 9916,Bhavna Sundaram,Residents of Kammanahalli reported a hit and run incident to the police. The victim sustained losses and immediately notified the nearest police station. CCTV footage from nearby cameras is being reviewed by the investigating team. The police have assured that the matter will be resolved promptly.
BLR-2024-0094,2025-07-05,Bannerghatta Road,Stalking,Baljiwan Vala,+91 835569 6230,Gayathri Datta,A complaint regarding stalking was lodged at the Bannerghatta Road police station. The incident reportedly occurred in a busy area during daylight hours. Local authorities have taken cognizance of the matter and filed an FIR. Further investigation is underway to identify and apprehend the suspect.
BLR-2024-0095,2026-01-15,Kammanahalli,Fraud,Tanay Banik,+91 787605 5299,Kamya Tailor,A case of fraud occurred near Kammanahalli area in Bangalore. The complainant stated that the incident took place during the early hours. The accused fled the scene before authorities could arrive. Officers have collected evidence and are currently pursuing leads.
BLR-2024-0096,2025-09-18,JP Nagar,Robbery,Chandresh Soman,+91 705096 3849,Ojas Rout,A complaint regarding robbery was lodged at the JP Nagar police station. The incident reportedly occurred in a busy area during daylight hours. Local authorities have taken cognizance of the matter and filed an FIR. Further investigation is underway to identify and apprehend the suspect.
BLR-2024-0097,2025-10-08,HSR Layout,Stalking,Triya Varty,+91 998523 4431,Faraj Sengupta,Residents of HSR Layout reported a stalking incident to the police. The victim sustained losses and immediately notified the nearest police station. CCTV footage from nearby cameras is being reviewed by the investigating team. The police have assured that the matter will be resolved promptly.
BLR-2024-0098,2025-12-31,Vijayanagar,Drug Possession,Kevin Patel,+91 884051 5358,Jagrati Kunda,"An incident of drug possession was reported in Vijayanagar, Bangalore. The victim approached the local police station and filed a complaint. Witnesses present at the scene confirmed the occurrence of the incident. Police have registered the case and begun their investigation."
BLR-2024-0099,2025-11-27,Bannerghatta Road,Robbery,Janaki Dhar,+91 993043 4156,Wahab Naidu,A case of robbery occurred near Bannerghatta Road area in Bangalore. The complainant stated that the incident took place during the early hours. The accused fled the scene before authorities could arrive. Officers have collected evidence and are currently pursuing leads.
BLR-2024-0100,2025-06-25,Yelahanka,Drug Possession,Nicholas Master,+91 753590 9635,Omkaar Andra,"An incident of drug possession was reported in Yelahanka, Bangalore. The victim approached the local police station and filed a complaint. Witnesses present at the scene confirmed the occurrence of the incident. Police have registered the case and begun their investigation."
BLR-2024-0101,2025-10-28,Marathahalli,Chain Snatching,Theodore Loyal,+91 880651 1350,Sudiksha Chandra,Residents of Marathahalli reported a chain snatching incident to the police. The victim sustained losses and immediately notified the nearest police station. CCTV footage from nearby cameras is being reviewed by the investigating team. The police have assured that the matter will be resolved promptly.
BLR-2024-0102,2025-11-19,Marathahalli,Vandalism,Anamika Goswami,+91 951104 7259,Chaman Gera,Residents of Marathahalli reported a vandalism incident to the police. The victim sustained losses and immediately notified the nearest police station. CCTV footage from nearby cameras is being reviewed by the investigating team. The police have assured that the matter will be resolved promptly.
BLR-2024-0103,2025-08-17,Hebbal,Fraud,Harrison Krishnan,+91 758297 7801,Upasna Sarma,A complaint regarding fraud was lodged at the Hebbal police station. The incident reportedly occurred in a busy area during daylight hours. Local authorities have taken cognizance of the matter and filed an FIR. Further investigation is underway to identify and apprehend the suspect.
BLR-2024-0104,2025-08-29,Yelahanka,Fraud,Garima Nigam,+91 960913 2833,Jagvi Kata,A complaint regarding fraud was lodged at the Yelahanka police station. The incident reportedly occurred in a busy area during daylight hours. Local authorities have taken cognizance of the matter and filed an FIR. Further investigation is underway to identify and apprehend the suspect.
BLR-2024-0105,2025-10-26,Bannerghatta Road,Fraud,Ridhi Goda,+91 853007 0114,Yashodhara Yogi,"An incident of fraud was reported in Bannerghatta Road, Bangalore. The victim approached the local police station and filed a complaint. Witnesses present at the scene confirmed the occurrence of the incident. Police have registered the case and begun their investigation."
BLR-2024-0106,2025-08-16,Hebbal,Fraud,Shravya Chhabra,+91 878767 6195,Aashi Kota,A complaint regarding fraud was lodged at the Hebbal police station. The incident reportedly occurred in a busy area during daylight hours. Local authorities have taken cognizance of the matter and filed an FIR. Further investigation is underway to identify and apprehend the suspect.
BLR-2024-0107,2025-07-10,BTM Layout,Chain Snatching,Pratyush Dara,+91 869137 8400,Ekantika Randhawa,Residents of BTM Layout reported a chain snatching incident to the police. The victim sustained losses and immediately notified the nearest police station. CCTV footage from nearby cameras is being reviewed by the investigating team. The police have assured that the matter will be resolved promptly.
BLR-2024-0108,2026-05-14,MG Road,Fraud,Laksh Bhandari,+91 782221 9851,Nicholas Chaudry,"An incident of fraud was reported in MG Road, Bangalore. The victim approached the local police station and filed a complaint. Witnesses present at the scene confirmed the occurrence of the incident. Police have registered the case and begun their investigation."
BLR-2024-0109,2026-02-05,Bannerghatta Road,Chain Snatching,Ansh Venkataraman,+91 801846 4677,Vedhika Balakrishnan,"An incident of chain snatching was reported in Bannerghatta Road, Bangalore. The victim approached the local police station and filed a complaint. Witnesses present at the scene confirmed the occurrence of the incident. Police have registered the case and begun their investigation."
BLR-2024-0110,2026-03-05,JP Nagar,Burglary,Imaran Kata,+91 815522 5177,Tanmayi Kade,"An incident of burglary was reported in JP Nagar, Bangalore. The victim approached the local police station and filed a complaint. Witnesses present at the scene confirmed the occurrence of the incident. Police have registered the case and begun their investigation."
BLR-2024-0111,2025-07-29,Vijayanagar,Theft,Matthew Tank,+91 740894 8106,Siya Bhat,A case of theft occurred near Vijayanagar area in Bangalore. The complainant stated that the incident took place during the early hours. The accused fled the scene before authorities could arrive. Officers have collected evidence and are currently pursuing leads.
BLR-2024-0112,2025-06-17,Kammanahalli,Vandalism,Anmol Dhingra,+91 795437 6412,Warhi Bhandari,"An incident of vandalism was reported in Kammanahalli, Bangalore. The victim approached the local police station and filed a complaint. Witnesses present at the scene confirmed the occurrence of the incident. Police have registered the case and begun their investigation."
BLR-2024-0113,2025-11-27,Koramangala,Cheating,Ekiya Raj,+91 802982 6509,Aarush Radhakrishnan,"An incident of cheating was reported in Koramangala, Bangalore. The victim approached the local police station and filed a complaint. Witnesses present at the scene confirmed the occurrence of the incident. Police have registered the case and begun their investigation."
BLR-2024-0114,2026-01-17,Brigade Road,Burglary,Idika Goswami,+91 830916 6307,Gaurangi Bumb,"An incident of burglary was reported in Brigade Road, Bangalore. The victim approached the local police station and filed a complaint. Witnesses present at the scene confirmed the occurrence of the incident. Police have registered the case and begun their investigation."
BLR-2024-0115,2026-05-31,Malleshwaram,Cybercrime,Rohan Rastogi,+91 837005 1231,Shaurya Oza,A case of cybercrime occurred near Malleshwaram area in Bangalore. The complainant stated that the incident took place during the early hours. The accused fled the scene before authorities could arrive. Officers have collected evidence and are currently pursuing leads.
BLR-2024-0116,2025-07-25,Hebbal,Chain Snatching,Chameli Kapur,+91 754109 2826,Jackson Hans,A case of chain snatching occurred near Hebbal area in Bangalore. The complainant stated that the incident took place during the early hours. The accused fled the scene before authorities could arrive. Officers have collected evidence and are currently pursuing leads.
BLR-2024-0117,2025-12-11,Brigade Road,Domestic Violence,Henry Hora,+91 860296 9159,Anusha Ahuja,A complaint regarding domestic violence was lodged at the Brigade Road police station. The incident reportedly occurred in a busy area during daylight hours. Local authorities have taken cognizance of the matter and filed an FIR. Further investigation is underway to identify and apprehend the suspect.
BLR-2024-0118,2026-03-23,Electronic City,Drug Possession,Girik Dar,+91 967175 0472,Mitesh Rama,A case of drug possession occurred near Electronic City area in Bangalore. The complainant stated that the incident took place during the early hours. The accused fled the scene before authorities could arrive. Officers have collected evidence and are currently pursuing leads.
BLR-2024-0119,2025-12-10,Marathahalli,Kidnapping,Abdul Sami,+91 807562 7192,Yachana Sachdeva,A complaint regarding kidnapping was lodged at the Marathahalli police station. The incident reportedly occurred in a busy area during daylight hours. Local authorities have taken cognizance of the matter and filed an FIR. Further investigation is underway to identify and apprehend the suspect.
BLR-2024-0120,2026-03-15,Yelahanka,Vandalism,Vedant Seth,+91 915063 0885,Gagan Narasimhan,"An incident of vandalism was reported in Yelahanka, Bangalore. The victim approached the local police station and filed a complaint. Witnesses present at the scene confirmed the occurrence of the incident. Police have registered the case and begun their investigation."
BLR-2024-0121,2025-07-24,Rajajinagar,Chain Snatching,Jonathan Badami,+91 793271 9612,Yashasvi Morar,A complaint regarding chain snatching was lodged at the Rajajinagar police station. The incident reportedly occurred in a busy area during daylight hours. Local authorities have taken cognizance of the matter and filed an FIR. Further investigation is underway to identify and apprehend the suspect.
BLR-2024-0122,2025-10-25,Hebbal,Kidnapping,George Varty,+91 778323 9079,Chasmum Barad,A case of kidnapping occurred near Hebbal area in Bangalore. The complainant stated that the incident took place during the early hours. The accused fled the scene before authorities could arrive. Officers have collected evidence and are currently pursuing leads.
BLR-2024-0123,2025-06-09,JP Nagar,Stalking,Aarav Subramaniam,+91 912008 3697,Yashvi Garg,A complaint regarding stalking was lodged at the JP Nagar police station. The incident reportedly occurred in a busy area during daylight hours. Local authorities have taken cognizance of the matter and filed an FIR. Further investigation is underway to identify and apprehend the suspect.
BLR-2024-0124,2026-05-07,Bannerghatta Road,Theft,Ikbal Thaker,+91 900356 7979,Utkarsh Rattan,A complaint regarding theft was lodged at the Bannerghatta Road police station. The incident reportedly occurred in a busy area during daylight hours. Local authorities have taken cognizance of the matter and filed an FIR. Further investigation is underway to identify and apprehend the suspect.
BLR-2024-0125,2025-11-09,Sarjapur,Cheating,Victor Krishnan,+91 858166 1199,Krish Andra,A complaint regarding cheating was lodged at the Sarjapur police station. The incident reportedly occurred in a busy area during daylight hours. Local authorities have taken cognizance of the matter and filed an FIR. Further investigation is underway to identify and apprehend the suspect.
BLR-2024-0126,2025-07-09,HSR Layout,Chain Snatching,Neelima Venkataraman,+91 731139 1321,Bhavika Goda,A case of chain snatching occurred near HSR Layout area in Bangalore. The complainant stated that the incident took place during the early hours. The accused fled the scene before authorities could arrive. Officers have collected evidence and are currently pursuing leads.
BLR-2024-0127,2025-12-31,Basavanagudi,Cybercrime,Lipika Goyal,+91 821620 4696,Manbir Bali,A complaint regarding cybercrime was lodged at the Basavanagudi police station. The incident reportedly occurred in a busy area during daylight hours. Local authorities have taken cognizance of the matter and filed an FIR. Further investigation is underway to identify and apprehend the suspect.
BLR-2024-0128,2025-06-08,BTM Layout,Burglary,Sai Nadkarni,+91 735965 2906,Neelima Sandhu,A case of burglary occurred near BTM Layout area in Bangalore. The complainant stated that the incident took place during the early hours. The accused fled the scene before authorities could arrive. Officers have collected evidence and are currently pursuing leads.
BLR-2024-0129,2026-04-11,Marathahalli,Cybercrime,Wazir Jayaraman,+91 901899 7418,Amol Narayanan,A complaint regarding cybercrime was lodged at the Marathahalli police station. The incident reportedly occurred in a busy area during daylight hours. Local authorities have taken cognizance of the matter and filed an FIR. Further investigation is underway to identify and apprehend the suspect.
BLR-2024-0130,2026-04-17,Rajajinagar,Cheating,Kashvi Om,+91 838302 0063,Charan Ganguly,"An incident of cheating was reported in Rajajinagar, Bangalore. The victim approached the local police station and filed a complaint. Witnesses present at the scene confirmed the occurrence of the incident. Police have registered the case and begun their investigation."
BLR-2024-0131,2025-12-05,Koramangala,Theft,Hiral Nagar,+91 772766 1201,Aarini Deshmukh,A complaint regarding theft was lodged at the Koramangala police station. The incident reportedly occurred in a busy area during daylight hours. Local authorities have taken cognizance of the matter and filed an FIR. Further investigation is underway to identify and apprehend the suspect.
BLR-2024-0132,2025-09-14,Frazer Town,Robbery,Shivani Suresh,+91 707214 8618,Bachittar Krishna,Residents of Frazer Town reported a robbery incident to the police. The victim sustained losses and immediately notified the nearest police station. CCTV footage from nearby cameras is being reviewed by the investigating team. The police have assured that the matter will be resolved promptly.
BLR-2024-0133,2025-12-03,Brigade Road,Cybercrime,Edhitha Mani,+91 750438 2845,Warhi Krishna,Residents of Brigade Road reported a cybercrime incident to the police. The victim sustained losses and immediately notified the nearest police station. CCTV footage from nearby cameras is being reviewed by the investigating team. The police have assured that the matter will be resolved promptly.
BLR-2024-0134,2025-07-17,Kammanahalli,Kidnapping,Tanish Roy,+91 818238 3495,Ekalinga Rastogi,A complaint regarding kidnapping was lodged at the Kammanahalli police station. The incident reportedly occurred in a busy area during daylight hours. Local authorities have taken cognizance of the matter and filed an FIR. Further investigation is underway to identify and apprehend the suspect.
BLR-2024-0135,2025-06-27,Frazer Town,Hit and Run,Yashasvi Anand,+91 854869 8929,Balendra Arora,"An incident of hit and run was reported in Frazer Town, Bangalore. The victim approached the local police station and filed a complaint. Witnesses present at the scene confirmed the occurrence of the incident. Police have registered the case and begun their investigation."
BLR-2024-0136,2026-01-04,Yelahanka,Chain Snatching,Indrajit Lala,+91 808660 2008,Hemani Keer,"An incident of chain snatching was reported in Yelahanka, Bangalore. The victim approached the local police station and filed a complaint. Witnesses present at the scene confirmed the occurrence of the incident. Police have registered the case and begun their investigation."
BLR-2024-0137,2025-12-25,BTM Layout,Stalking,Mitali Sehgal,+91 971835 1648,Udarsh Rajagopalan,A case of stalking occurred near BTM Layout area in Bangalore. The complainant stated that the incident took place during the early hours. The accused fled the scene before authorities could arrive. Officers have collected evidence and are currently pursuing leads.
BLR-2024-0138,2025-12-30,Hebbal,Kidnapping,Matthew Mani,+91 920327 1748,Jagvi Walia,A complaint regarding kidnapping was lodged at the Hebbal police station. The incident reportedly occurred in a busy area during daylight hours. Local authorities have taken cognizance of the matter and filed an FIR. Further investigation is underway to identify and apprehend the suspect.
BLR-2024-0139,2025-12-10,Brigade Road,Stalking,Faris Samra,+91 782472 2535,Bachittar Jhaveri,A complaint regarding stalking was lodged at the Brigade Road police station. The incident reportedly occurred in a busy area during daylight hours. Local authorities have taken cognizance of the matter and filed an FIR. Further investigation is underway to identify and apprehend the suspect.
BLR-2024-0140,2026-01-04,Cunningham Road,Domestic Violence,Krish Behl,+91 740606 9388,Vaishnavi Bobal,A complaint regarding domestic violence was lodged at the Cunningham Road police station. The incident reportedly occurred in a busy area during daylight hours. Local authorities have taken cognizance of the matter and filed an FIR. Further investigation is underway to identify and apprehend the suspect.
BLR-2024-0141,2026-05-16,Electronic City,Cybercrime,Bhavya Pingle,+91 717658 5145,Radhika Babu,Residents of Electronic City reported a cybercrime incident to the police. The victim sustained losses and immediately notified the nearest police station. CCTV footage from nearby cameras is being reviewed by the investigating team. The police have assured that the matter will be resolved promptly.
BLR-2024-0142,2026-03-10,Jayanagar,Cybercrime,Dayita Sheth,+91 782516 6043,Kavya Jha,A complaint regarding cybercrime was lodged at the Jayanagar police station. The incident reportedly occurred in a busy area during daylight hours. Local authorities have taken cognizance of the matter and filed an FIR. Further investigation is underway to identify and apprehend the suspect.
BLR-2024-0143,2025-06-26,Brigade Road,Cybercrime,Aryan Raval,+91 766181 0810,Caleb Gara,A complaint regarding cybercrime was lodged at the Brigade Road police station. The incident reportedly occurred in a busy area during daylight hours. Local authorities have taken cognizance of the matter and filed an FIR. Further investigation is underway to identify and apprehend the suspect.
BLR-2024-0144,2025-10-18,Cunningham Road,Stalking,Ryan Kibe,+91 750840 8266,George Narang,A complaint regarding stalking was lodged at the Cunningham Road police station. The incident reportedly occurred in a busy area during daylight hours. Local authorities have taken cognizance of the matter and filed an FIR. Further investigation is underway to identify and apprehend the suspect.
BLR-2024-0145,2025-06-07,Kammanahalli,Theft,Radhika Srivastava,+91 773606 2453,Omkaar Som,Residents of Kammanahalli reported a theft incident to the police. The victim sustained losses and immediately notified the nearest police station. CCTV footage from nearby cameras is being reviewed by the investigating team. The police have assured that the matter will be resolved promptly.
BLR-2024-0146,2025-08-30,Indiranagar,Cybercrime,Aarna Varty,+91 888362 2718,Harrison Bassi,A case of cybercrime occurred near Indiranagar area in Bangalore. The complainant stated that the incident took place during the early hours. The accused fled the scene before authorities could arrive. Officers have collected evidence and are currently pursuing leads.
BLR-2024-0147,2025-09-04,Electronic City,Drug Possession,Yoshita Tandon,+91 710704 8063,Rohan Lal,A complaint regarding drug possession was lodged at the Electronic City police station. The incident reportedly occurred in a busy area during daylight hours. Local authorities have taken cognizance of the matter and filed an FIR. Further investigation is underway to identify and apprehend the suspect.
BLR-2024-0148,2026-04-02,MG Road,Theft,Oni Bobal,+91 837603 4398,Chakradev Arora,A complaint regarding theft was lodged at the MG Road police station. The incident reportedly occurred in a busy area during daylight hours. Local authorities have taken cognizance of the matter and filed an FIR. Further investigation is underway to identify and apprehend the suspect.
BLR-2024-0149,2025-10-10,Vijayanagar,Burglary,Netra Talwar,+91 709351 7851,Tanvi Murthy,"An incident of burglary was reported in Vijayanagar, Bangalore. The victim approached the local police station and filed a complaint. Witnesses present at the scene confirmed the occurrence of the incident. Police have registered the case and begun their investigation."
BLR-2024-0150,2025-08-30,Kammanahalli,Vehicle Theft,Aachal Sane,+91 998825 7363,Isaiah Gopal,A complaint regarding vehicle theft was lodged at the Kammanahalli police station. The incident reportedly occurred in a busy area during daylight hours. Local authorities have taken cognizance of the matter and filed an FIR. Further investigation is underway to identify and apprehend the suspect.
BLR-2024-0151,2026-03-14,Marathahalli,Kidnapping,Rachit Prasad,+91 814944 4338,Max Borah,Residents of Marathahalli reported a kidnapping incident to the police. The victim sustained losses and immediately notified the nearest police station. CCTV footage from nearby cameras is being reviewed by the investigating team. The police have assured that the matter will be resolved promptly.
BLR-2024-0152,2025-12-12,Indiranagar,Vehicle Theft,Aarav Gokhale,+91 707212 5500,Zaitra Wali,"An incident of vehicle theft was reported in Indiranagar, Bangalore. The victim approached the local police station and filed a complaint. Witnesses present at the scene confirmed the occurrence of the incident. Police have registered the case and begun their investigation."
BLR-2024-0153,2025-09-12,Rajajinagar,Domestic Violence,Brijesh Apte,+91 758832 2347,Chatresh Aurora,Residents of Rajajinagar reported a domestic violence incident to the police. The victim sustained losses and immediately notified the nearest police station. CCTV footage from nearby cameras is being reviewed by the investigating team. The police have assured that the matter will be resolved promptly.
BLR-2024-0154,2026-05-14,JP Nagar,Vandalism,Lajita Dey,+91 869544 6115,Anirudh Bhargava,Residents of JP Nagar reported a vandalism incident to the police. The victim sustained losses and immediately notified the nearest police station. CCTV footage from nearby cameras is being reviewed by the investigating team. The police have assured that the matter will be resolved promptly.
BLR-2024-0155,2026-05-18,Rajajinagar,Kidnapping,Tamanna Chaudhuri,+91 931823 9774,Gaurangi Rege,"An incident of kidnapping was reported in Rajajinagar, Bangalore. The victim approached the local police station and filed a complaint. Witnesses present at the scene confirmed the occurrence of the incident. Police have registered the case and begun their investigation."
BLR-2024-0156,2025-08-23,Frazer Town,Robbery,Aayush Sekhon,+91 904209 3078,Gaurika Brar,"An incident of robbery was reported in Frazer Town, Bangalore. The victim approached the local police station and filed a complaint. Witnesses present at the scene confirmed the occurrence of the incident. Police have registered the case and begun their investigation."
BLR-2024-0157,2025-08-25,Sarjapur,Theft,Rishi Contractor,+91 803979 2425,Sarthak Narasimhan,A case of theft occurred near Sarjapur area in Bangalore. The complainant stated that the incident took place during the early hours. The accused fled the scene before authorities could arrive. Officers have collected evidence and are currently pursuing leads.
BLR-2024-0158,2026-03-19,Jayanagar,Chain Snatching,Sai Chad,+91 715774 3440,Ekani Rao,A case of chain snatching occurred near Jayanagar area in Bangalore. The complainant stated that the incident took place during the early hours. The accused fled the scene before authorities could arrive. Officers have collected evidence and are currently pursuing leads.
BLR-2024-0159,2025-08-08,HSR Layout,Vehicle Theft,Isaac Shenoy,+91 766448 0218,Krishna Savant,"An incident of vehicle theft was reported in HSR Layout, Bangalore. The victim approached the local police station and filed a complaint. Witnesses present at the scene confirmed the occurrence of the incident. Police have registered the case and begun their investigation."
BLR-2024-0160,2025-06-24,Yelahanka,Domestic Violence,Upma Venkataraman,+91 865330 2209,Gautam Saini,A case of domestic violence occurred near Yelahanka area in Bangalore. The complainant stated that the incident took place during the early hours. The accused fled the scene before authorities could arrive. Officers have collected evidence and are currently pursuing leads.
BLR-2024-0161,2025-09-13,Vijayanagar,Burglary,Oliver Hans,+91 912386 6645,Bhanumati Ratta,A case of burglary occurred near Vijayanagar area in Bangalore. The complainant stated that the incident took place during the early hours. The accused fled the scene before authorities could arrive. Officers have collected evidence and are currently pursuing leads.
BLR-2024-0162,2025-11-14,Malleshwaram,Cybercrime,Joshua Hari,+91 847140 9078,Yutika Chaudhuri,"An incident of cybercrime was reported in Malleshwaram, Bangalore. The victim approached the local police station and filed a complaint. Witnesses present at the scene confirmed the occurrence of the incident. Police have registered the case and begun their investigation."
BLR-2024-0163,2025-08-02,Basavanagudi,Cybercrime,Luke Kade,+91 932102 8229,Saumya Agrawal,"An incident of cybercrime was reported in Basavanagudi, Bangalore. The victim approached the local police station and filed a complaint. Witnesses present at the scene confirmed the occurrence of the incident. Police have registered the case and begun their investigation."
BLR-2024-0164,2026-02-26,Cunningham Road,Burglary,Warinder Toor,+91 808445 1140,Gayathri Seth,A case of burglary occurred near Cunningham Road area in Bangalore. The complainant stated that the incident took place during the early hours. The accused fled the scene before authorities could arrive. Officers have collected evidence and are currently pursuing leads.
BLR-2024-0165,2025-08-26,Cunningham Road,Robbery,Siddharth Tara,+91 781644 3352,Aryan Bajaj,Residents of Cunningham Road reported a robbery incident to the police. The victim sustained losses and immediately notified the nearest police station. CCTV footage from nearby cameras is being reviewed by the investigating team. The police have assured that the matter will be resolved promptly.
BLR-2024-0166,2025-12-06,Brigade Road,Stalking,Kiaan Shere,+91 851525 5829,Ranbir Chacko,A complaint regarding stalking was lodged at the Brigade Road police station. The incident reportedly occurred in a busy area during daylight hours. Local authorities have taken cognizance of the matter and filed an FIR. Further investigation is underway to identify and apprehend the suspect.
BLR-2024-0167,2025-12-30,Frazer Town,Drug Possession,Wakeeta Agrawal,+91 725888 1642,Dipta Rama,A complaint regarding drug possession was lodged at the Frazer Town police station. The incident reportedly occurred in a busy area during daylight hours. Local authorities have taken cognizance of the matter and filed an FIR. Further investigation is underway to identify and apprehend the suspect.
BLR-2024-0168,2026-04-07,Shivajinagar,Drug Possession,Ekaja Raman,+91 920723 2625,Advika Ben,A case of drug possession occurred near Shivajinagar area in Bangalore. The complainant stated that the incident took place during the early hours. The accused fled the scene before authorities could arrive. Officers have collected evidence and are currently pursuing leads.
BLR-2024-0169,2025-06-07,Hebbal,Cybercrime,Nathan Ray,+91 817516 4442,Adya Ramachandran,A case of cybercrime occurred near Hebbal area in Bangalore. The complainant stated that the incident took place during the early hours. The accused fled the scene before authorities could arrive. Officers have collected evidence and are currently pursuing leads.
BLR-2024-0170,2025-09-13,Basavanagudi,Domestic Violence,Krish Gulati,+91 712903 5160,Jonathan Bawa,A case of domestic violence occurred near Basavanagudi area in Bangalore. The complainant stated that the incident took place during the early hours. The accused fled the scene before authorities could arrive. Officers have collected evidence and are currently pursuing leads.
BLR-2024-0171,2026-02-25,JP Nagar,Cheating,Sai Narang,+91 912314 0909,Quincy Mitra,Residents of JP Nagar reported a cheating incident to the police. The victim sustained losses and immediately notified the nearest police station. CCTV footage from nearby cameras is being reviewed by the investigating team. The police have assured that the matter will be resolved promptly.
BLR-2024-0172,2026-01-04,JP Nagar,Cybercrime,Karan Golla,+91 856744 6443,Oliver Sani,A case of cybercrime occurred near JP Nagar area in Bangalore. The complainant stated that the incident took place during the early hours. The accused fled the scene before authorities could arrive. Officers have collected evidence and are currently pursuing leads.
BLR-2024-0173,2025-10-23,Rajajinagar,Fraud,Yash Bumb,+91 877577 7973,Lopa Saraf,A complaint regarding fraud was lodged at the Rajajinagar police station. The incident reportedly occurred in a busy area during daylight hours. Local authorities have taken cognizance of the matter and filed an FIR. Further investigation is underway to identify and apprehend the suspect.
BLR-2024-0174,2026-01-08,Frazer Town,Assault,Bhavini Sani,+91 890510 8009,Ishanvi Kant,A case of assault occurred near Frazer Town area in Bangalore. The complainant stated that the incident took place during the early hours. The accused fled the scene before authorities could arrive. Officers have collected evidence and are currently pursuing leads.
BLR-2024-0175,2025-08-11,Vijayanagar,Stalking,Adweta Sen,+91 720925 1331,Hardik Raju,"An incident of stalking was reported in Vijayanagar, Bangalore. The victim approached the local police station and filed a complaint. Witnesses present at the scene confirmed the occurrence of the incident. Police have registered the case and begun their investigation."
BLR-2024-0176,2026-05-16,Electronic City,Kidnapping,Abdul Atwal,+91 861723 1702,Kabir Johal,A case of kidnapping occurred near Electronic City area in Bangalore. The complainant stated that the incident took place during the early hours. The accused fled the scene before authorities could arrive. Officers have collected evidence and are currently pursuing leads.
BLR-2024-0177,2025-12-15,Sarjapur,Domestic Violence,Quincy Gaba,+91 815669 2137,Theodore Yogi,A case of domestic violence occurred near Sarjapur area in Bangalore. The complainant stated that the incident took place during the early hours. The accused fled the scene before authorities could arrive. Officers have collected evidence and are currently pursuing leads.
BLR-2024-0178,2025-12-19,JP Nagar,Drug Possession,Agastya Yogi,+91 875009 8009,Wahab Dasgupta,"An incident of drug possession was reported in JP Nagar, Bangalore. The victim approached the local police station and filed a complaint. Witnesses present at the scene confirmed the occurrence of the incident. Police have registered the case and begun their investigation."
BLR-2024-0179,2026-02-01,HSR Layout,Domestic Violence,Amaira Kari,+91 759828 9072,Mekhala Khosla,A complaint regarding domestic violence was lodged at the HSR Layout police station. The incident reportedly occurred in a busy area during daylight hours. Local authorities have taken cognizance of the matter and filed an FIR. Further investigation is underway to identify and apprehend the suspect.
BLR-2024-0180,2025-09-08,Bannerghatta Road,Fraud,Pranav Ray,+91 772791 0588,Mohammed Goda,A case of fraud occurred near Bannerghatta Road area in Bangalore. The complainant stated that the incident took place during the early hours. The accused fled the scene before authorities could arrive. Officers have collected evidence and are currently pursuing leads.
BLR-2024-0181,2026-02-17,Electronic City,Vandalism,Faqid Mangat,+91 795115 0526,Sara Dewan,A complaint regarding vandalism was lodged at the Electronic City police station. The incident reportedly occurred in a busy area during daylight hours. Local authorities have taken cognizance of the matter and filed an FIR. Further investigation is underway to identify and apprehend the suspect.
BLR-2024-0182,2025-09-13,Shivajinagar,Robbery,Shaurya Boase,+91 927821 2804,Idika Kulkarni,A complaint regarding robbery was lodged at the Shivajinagar police station. The incident reportedly occurred in a busy area during daylight hours. Local authorities have taken cognizance of the matter and filed an FIR. Further investigation is underway to identify and apprehend the suspect.
BLR-2024-0183,2026-04-24,Koramangala,Robbery,Upma Thaker,+91 929270 7918,Ubika Hayre,"An incident of robbery was reported in Koramangala, Bangalore. The victim approached the local police station and filed a complaint. Witnesses present at the scene confirmed the occurrence of the incident. Police have registered the case and begun their investigation."
BLR-2024-0184,2026-03-19,Brigade Road,Assault,Veer Bajwa,+91 931958 9662,Imaran Sachar,"An incident of assault was reported in Brigade Road, Bangalore. The victim approached the local police station and filed a complaint. Witnesses present at the scene confirmed the occurrence of the incident. Police have registered the case and begun their investigation."
BLR-2024-0185,2026-04-23,Hebbal,Kidnapping,Banjeet Bawa,+91 760850 9663,Quincy Karpe,A complaint regarding kidnapping was lodged at the Hebbal police station. The incident reportedly occurred in a busy area during daylight hours. Local authorities have taken cognizance of the matter and filed an FIR. Further investigation is underway to identify and apprehend the suspect.
BLR-2024-0186,2025-07-30,Vijayanagar,Vehicle Theft,Ishita Bandi,+91 997199 8810,Aachal Din,"An incident of vehicle theft was reported in Vijayanagar, Bangalore. The victim approached the local police station and filed a complaint. Witnesses present at the scene confirmed the occurrence of the incident. Police have registered the case and begun their investigation."
BLR-2024-0187,2025-11-10,Hebbal,Cybercrime,Aarav Dani,+91 746580 3059,Abha Shetty,A case of cybercrime occurred near Hebbal area in Bangalore. The complainant stated that the incident took place during the early hours. The accused fled the scene before authorities could arrive. Officers have collected evidence and are currently pursuing leads.
BLR-2024-0188,2025-09-19,Basavanagudi,Vandalism,Netra Iyer,+91 807032 4535,Januja Sunder,"An incident of vandalism was reported in Basavanagudi, Bangalore. The victim approached the local police station and filed a complaint. Witnesses present at the scene confirmed the occurrence of the incident. Police have registered the case and begun their investigation."
BLR-2024-0189,2026-06-06,Electronic City,Theft,Bhavya Sidhu,+91 805308 6026,Widisha Sule,Residents of Electronic City reported a theft incident to the police. The victim sustained losses and immediately notified the nearest police station. CCTV footage from nearby cameras is being reviewed by the investigating team. The police have assured that the matter will be resolved promptly.
BLR-2024-0190,2025-10-05,Brigade Road,Kidnapping,Hitesh Naidu,+91 856694 8224,Rohan Bala,A case of kidnapping occurred near Brigade Road area in Bangalore. The complainant stated that the incident took place during the early hours. The accused fled the scene before authorities could arrive. Officers have collected evidence and are currently pursuing leads.
BLR-2024-0191,2026-04-14,Cunningham Road,Robbery,Viraj Vasa,+91 754074 2504,Amrita Shan,Residents of Cunningham Road reported a robbery incident to the police. The victim sustained losses and immediately notified the nearest police station. CCTV footage from nearby cameras is being reviewed by the investigating team. The police have assured that the matter will be resolved promptly.
BLR-2024-0192,2025-11-15,BTM Layout,Hit and Run,Abeer Grover,+91 892182 5266,Falak Master,A case of hit and run occurred near BTM Layout area in Bangalore. The complainant stated that the incident took place during the early hours. The accused fled the scene before authorities could arrive. Officers have collected evidence and are currently pursuing leads.
BLR-2024-0193,2026-06-02,BTM Layout,Cheating,Maanas Sule,+91 870922 1375,Vrishti Contractor,Residents of BTM Layout reported a cheating incident to the police. The victim sustained losses and immediately notified the nearest police station. CCTV footage from nearby cameras is being reviewed by the investigating team. The police have assured that the matter will be resolved promptly.
BLR-2024-0194,2025-09-29,Yelahanka,Vehicle Theft,Faraj Sodhi,+91 845868 5952,Veer Bhalla,"An incident of vehicle theft was reported in Yelahanka, Bangalore. The victim approached the local police station and filed a complaint. Witnesses present at the scene confirmed the occurrence of the incident. Police have registered the case and begun their investigation."
BLR-2024-0195,2026-05-14,Bellandur,Cybercrime,Aadi Mane,+91 700638 1021,Amrita Comar,Residents of Bellandur reported a cybercrime incident to the police. The victim sustained losses and immediately notified the nearest police station. CCTV footage from nearby cameras is being reviewed by the investigating team. The police have assured that the matter will be resolved promptly.
BLR-2024-0196,2026-04-01,Yelahanka,Kidnapping,Rachana Dash,+91 829338 5313,Neelima Karan,Residents of Yelahanka reported a kidnapping incident to the police. The victim sustained losses and immediately notified the nearest police station. CCTV footage from nearby cameras is being reviewed by the investigating team. The police have assured that the matter will be resolved promptly.
BLR-2024-0197,2026-05-28,BTM Layout,Cybercrime,Oni Randhawa,+91 947111 0030,Tanay Rattan,A complaint regarding cybercrime was lodged at the BTM Layout police station. The incident reportedly occurred in a busy area during daylight hours. Local authorities have taken cognizance of the matter and filed an FIR. Further investigation is underway to identify and apprehend the suspect.
BLR-2024-0198,2026-05-08,Basavanagudi,Vandalism,Patrick Nair,+91 809133 4832,Ria Mall,A case of vandalism occurred near Basavanagudi area in Bangalore. The complainant stated that the incident took place during the early hours. The accused fled the scene before authorities could arrive. Officers have collected evidence and are currently pursuing leads.
BLR-2024-0199,2025-06-16,Marathahalli,Burglary,Zaid Bora,+91 757473 2432,Kavya Rajan,Residents of Marathahalli reported a burglary incident to the police. The victim sustained losses and immediately notified the nearest police station. CCTV footage from nearby cameras is being reviewed by the investigating team. The police have assured that the matter will be resolved promptly.
BLR-2024-0200,2026-02-14,Cunningham Road,Vehicle Theft,Ucchal Pathak,+91 833133 7467,Neelima Thakkar,A case of vehicle theft occurred near Cunningham Road area in Bangalore. The complainant stated that the incident took place during the early hours. The accused fled the scene before authorities could arrive. Officers have collected evidence and are currently pursuing leads.
