fir_number,date_filed,time_filed,police_station,district,crime_type,ipc_sections,location_description,latitude,longitude,description_text,status,filed_by_officer_id,created_at
BLR-2024-0001,2026-02-28,11:00:00,Cunningham Road PS,Bengaluru Central,Domestic Violence,"IPC 498A, IPC 323",Cunningham Road,12.971,77.591001,A case of domestic violence occurred near Cunningham Road area in Bangalore. The complainant stated that the incident took place during the early hours. The accused fled the scene before authorities could arrive. Officers have collected evidence and are currently pursuing leads.,open,1,2026-02-28 01:43:00
BLR-2024-0002,2025-08-19,08:15:00,Sadashivanagar PS,Bengaluru North,Robbery,"IPC 392, IPC 394",Malleshwaram,13.05543,77.552225,"An incident of robbery was reported in Malleshwaram, Bangalore. The victim approached the local police station and filed a complaint. Witnesses present at the scene confirmed the occurrence of the incident. Police have registered the case and begun their investigation.",open,2,2025-08-19 02:32:00
BLR-2024-0003,2026-04-30,00:30:00,JP Nagar PS,Bengaluru South,Theft,IPC 379,JP Nagar,12.891858,77.563919,Residents of JP Nagar reported a theft incident to the police. The victim sustained losses and immediately notified the nearest police station. CCTV footage from nearby cameras is being reviewed by the investigating team. The police have assured that the matter will be resolved promptly.,under_investigation,3,2026-04-30 04:14:00
BLR-2024-0004,2025-08-04,06:30:00,Jayanagar PS,Bengaluru South,Stalking,IPC 354D,Jayanagar,12.931249,77.60666,A case of stalking occurred near Jayanagar area in Bangalore. The complainant stated that the incident took place during the early hours. The accused fled the scene before authorities could arrive. Officers have collected evidence and are currently pursuing leads.,open,4,2025-08-04 04:21:00
BLR-2024-0005,2026-01-09,14:50:00,Marathahalli PS,Bengaluru East,Burglary,IPC 379,Marathahalli,12.962438,77.744866,A complaint regarding burglary was lodged at the Marathahalli police station. The incident reportedly occurred in a busy area during daylight hours. Local authorities have taken cognizance of the matter and filed an FIR. Further investigation is underway to identify and apprehend the suspect.,open,5,2026-01-09 01:24:00
BLR-2024-0006,2025-09-13,13:20:00,Indiranagar PS,Bengaluru East,Cheating,IPC 379,Indiranagar,12.978718,77.671275,Residents of Indiranagar reported a cheating incident to the police. The victim sustained losses and immediately notified the nearest police station. CCTV footage from nearby cameras is being reviewed by the investigating team. The police have assured that the matter will be resolved promptly.,open,6,2025-09-13 04:34:00
BLR-2024-0007,2026-01-02,00:30:00,Jalahalli PS,Bengaluru North,Kidnapping,"IPC 363, IPC 365",Sarjapur,13.024728,77.570522,Residents of Sarjapur reported a kidnapping incident to the police. The victim sustained losses and immediately notified the nearest police station. CCTV footage from nearby cameras is being reviewed by the investigating team. The police have assured that the matter will be resolved promptly.,under_investigation,7,2026-01-02 03:36:00
BLR-2024-0008,2025-11-23,13:20:00,Jayanagar PS,Bengaluru South,Vehicle Theft,IPC 379,Kammanahalli,12.893208,77.565953,"An incident of vehicle theft was reported in Kammanahalli, Bangalore. The victim approached the local police station and filed a complaint. Witnesses present at the scene confirmed the occurrence of the incident. Police have registered the case and begun their investigation.",open,8,2025-11-23 02:55:00
BLR-2024-0009,2025-08-25,14:50:00,Hebbal PS,Bengaluru North,Chain Snatching,IPC 379,Hebbal,13.042808,77.581739,A complaint regarding chain snatching was lodged at the Hebbal police station. The incident reportedly occurred in a busy area during daylight hours. Local authorities have taken cognizance of the matter and filed an FIR. Further investigation is underway to identify and apprehend the suspect.,open,9,2025-08-25 03:22:00
BLR-2024-0010,2025-10-27,00:30:00,MG Road PS,Bengaluru Central,Cybercrime,"IT Act 66C, IT Act 66D",MG Road,12.996807,77.608073,Residents of MG Road reported a cybercrime incident to the police. The victim sustained losses and immediately notified the nearest police station. CCTV footage from nearby cameras is being reviewed by the investigating team. The police have assured that the matter will be resolved promptly.,open,10,2025-10-27 05:40:00
BLR-2024-0011,2025-06-11,18:30:00,Hebbal PS,Bengaluru North,Hit and Run,"IPC 279, IPC 304A",Hebbal,13.052048,77.567137,A case of hit and run occurred near Hebbal area in Bangalore. The complainant stated that the incident took place during the early hours. The accused fled the scene before authorities could arrive. Officers have collected evidence and are currently pursuing leads.,closed,11,2025-06-11 03:59:00
BLR-2024-0012,2025-06-18,06:30:00,MG Road PS,Bengaluru Central,Robbery,"IPC 392, IPC 394",Electronic City,12.997385,77.613714,A complaint regarding robbery was lodged at the Electronic City police station. The incident reportedly occurred in a busy area during daylight hours. Local authorities have taken cognizance of the matter and filed an FIR. Further investigation is underway to identify and apprehend the suspect.,open,12,2025-06-18 01:51:00
BLR-2024-0013,2025-09-23,22:45:00,Jalahalli PS,Bengaluru North,Fraud,"IPC 420, IPC 468",Malleshwaram,13.036064,77.564769,Residents of Malleshwaram reported a fraud incident to the police. The victim sustained losses and immediately notified the nearest police station. CCTV footage from nearby cameras is being reviewed by the investigating team. The police have assured that the matter will be resolved promptly.,open,13,2025-09-23 02:41:00
BLR-2024-0014,2026-03-12,09:45:00,Peenya PS,Bengaluru West,Vandalism,"IPC 427, IPC 435",Brigade Road,13.023081,77.545,"An incident of vandalism was reported in Brigade Road, Bangalore. The victim approached the local police station and filed a complaint. Witnesses present at the scene confirmed the occurrence of the incident. Police have registered the case and begun their investigation.",open,14,2026-03-12 02:15:00
BLR-2024-0015,2025-08-27,16:10:00,Vijayanagar PS,Bengaluru West,Fraud,"IPC 420, IPC 468",Vijayanagar,13.002339,77.552291,"An incident of fraud was reported in Vijayanagar, Bangalore. The victim approached the local police station and filed a complaint. Witnesses present at the scene confirmed the occurrence of the incident. Police have registered the case and begun their investigation.",under_investigation,15,2025-08-27 04:23:00
BLR-2024-0016,2025-08-25,06:30:00,JP Nagar PS,Bengaluru South,Stalking,IPC 354D,Bannerghatta Road,12.925667,77.556364,Residents of Bannerghatta Road reported a stalking incident to the police. The victim sustained losses and immediately notified the nearest police station. CCTV footage from nearby cameras is being reviewed by the investigating team. The police have assured that the matter will be resolved promptly.,open,16,2025-08-25 02:40:00
BLR-2024-0017,2025-10-15,22:45:00,Marathahalli PS,Bengaluru East,Robbery,"IPC 392, IPC 394",Koramangala,12.997713,77.676172,Residents of Koramangala reported a robbery incident to the police. The victim sustained losses and immediately notified the nearest police station. CCTV footage from nearby cameras is being reviewed by the investigating team. The police have assured that the matter will be resolved promptly.,closed,17,2025-10-15 05:16:00
BLR-2024-0018,2026-02-27,20:00:00,Cubbon Park PS,Bengaluru Central,Vehicle Theft,IPC 379,Bellandur,12.997211,77.584582,A complaint regarding vehicle theft was lodged at the Bellandur police station. The incident reportedly occurred in a busy area during daylight hours. Local authorities have taken cognizance of the matter and filed an FIR. Further investigation is underway to identify and apprehend the suspect.,open,18,2026-02-27 03:07:00
BLR-2024-0019,2026-05-07,02:15:00,Marathahalli PS,Bengaluru East,Drug Possession,IPC 379,Frazer Town,12.962653,77.630389,A case of drug possession occurred near Frazer Town area in Bangalore. The complainant stated that the incident took place during the early hours. The accused fled the scene before authorities could arrive. Officers have collected evidence and are currently pursuing leads.,open,19,2026-05-07 05:48:00
BLR-2024-0020,2026-02-10,00:30:00,Hebbal PS,Bengaluru North,Chain Snatching,IPC 379,Hebbal,13.050461,77.557449,A case of chain snatching occurred near Hebbal area in Bangalore. The complainant stated that the incident took place during the early hours. The accused fled the scene before authorities could arrive. Officers have collected evidence and are currently pursuing leads.,open,20,2026-02-10 05:38:00
BLR-2024-0021,2026-03-23,20:00:00,Vijayanagar PS,Bengaluru West,Domestic Violence,"IPC 498A, IPC 323",Vijayanagar,12.97917,77.553376,A case of domestic violence occurred near Vijayanagar area in Bangalore. The complainant stated that the incident took place during the early hours. The accused fled the scene before authorities could arrive. Officers have collected evidence and are currently pursuing leads.,under_investigation,21,2026-03-23 01:38:00
BLR-2024-0022,2026-04-22,14:50:00,Yelahanka PS,Bengaluru North,Vandalism,"IPC 427, IPC 435",Yelahanka,13.049316,77.557831,A complaint regarding vandalism was lodged at the Yelahanka police station. The incident reportedly occurred in a busy area during daylight hours. Local authorities have taken cognizance of the matter and filed an FIR. Further investigation is underway to identify and apprehend the suspect.,open,22,2026-04-22 02:03:00
BLR-2024-0023,2026-04-12,08:15:00,Yelahanka PS,Bengaluru North,Kidnapping,"IPC 363, IPC 365",Yelahanka,13.072681,77.616286,A complaint regarding kidnapping was lodged at the Yelahanka police station. The incident reportedly occurred in a busy area during daylight hours. Local authorities have taken cognizance of the matter and filed an FIR. Further investigation is underway to identify and apprehend the suspect.,closed,23,2026-04-12 01:48:00
BLR-2024-0024,2026-05-17,18:30:00,Shivajinagar PS,Bengaluru Central,Cybercrime,"IT Act 66C, IT Act 66D",Shivajinagar,13.000633,77.585136,A complaint regarding cybercrime was lodged at the Shivajinagar police station. The incident reportedly occurred in a busy area during daylight hours. Local authorities have taken cognizance of the matter and filed an FIR. Further investigation is underway to identify and apprehend the suspect.,under_investigation,24,2026-05-17 02:16:00
BLR-2024-0025,2026-01-23,11:00:00,Marathahalli PS,Bengaluru East,Chain Snatching,IPC 379,Marathahalli,13.019795,77.680777,Residents of Marathahalli reported a chain snatching incident to the police. The victim sustained losses and immediately notified the nearest police station. CCTV footage from nearby cameras is being reviewed by the investigating team. The police have assured that the matter will be resolved promptly.,under_investigation,25,2026-01-23 02:45:00
BLR-2024-0026,2025-10-27,18:30:00,Marathahalli PS,Bengaluru East,Theft,IPC 379,Frazer Town,13.029612,77.707985,Residents of Frazer Town reported a theft incident to the police. The victim sustained losses and immediately notified the nearest police station. CCTV footage from nearby cameras is being reviewed by the investigating team. The police have assured that the matter will be resolved promptly.,under_investigation,26,2025-10-27 04:07:00
BLR-2024-0027,2026-02-06,20:00:00,JP Nagar PS,Bengaluru South,Vehicle Theft,IPC 379,Kammanahalli,12.894482,77.551472,A case of vehicle theft occurred near Kammanahalli area in Bangalore. The complainant stated that the incident took place during the early hours. The accused fled the scene before authorities could arrive. Officers have collected evidence and are currently pursuing leads.,open,27,2026-02-06 05:14:00
BLR-2024-0028,2025-06-11,08:15:00,Sadashivanagar PS,Bengaluru North,Hit and Run,"IPC 279, IPC 304A",HSR Layout,13.06247,77.554121,"An incident of hit and run was reported in HSR Layout, Bangalore. The victim approached the local police station and filed a complaint. Witnesses present at the scene confirmed the occurrence of the incident. Police have registered the case and begun their investigation.",open,28,2025-06-11 03:04:00
BLR-2024-0029,2026-03-20,11:00:00,BTM Layout PS,Bengaluru South,Assault,"IPC 351, IPC 352",BTM Layout,12.90666,77.596828,"An incident of assault was reported in BTM Layout, Bangalore. The victim approached the local police station and filed a complaint. Witnesses present at the scene confirmed the occurrence of the incident. Police have registered the case and begun their investigation.",under_investigation,29,2026-03-20 02:46:00
BLR-2024-0030,2026-03-12,16:10:00,Varthur PS,Bengaluru East,Vandalism,"IPC 427, IPC 435",Koramangala,12.987814,77.724154,A complaint regarding vandalism was lodged at the Koramangala police station. The incident reportedly occurred in a busy area during daylight hours. Local authorities have taken cognizance of the matter and filed an FIR. Further investigation is underway to identify and apprehend the suspect.,open,30,2026-03-12 01:06:00
BLR-2024-0031,2026-04-22,02:15:00,Indiranagar PS,Bengaluru East,Burglary,IPC 379,Indiranagar,12.978344,77.679332,A case of burglary occurred near Indiranagar area in Bangalore. The complainant stated that the incident took place during the early hours. The accused fled the scene before authorities could arrive. Officers have collected evidence and are currently pursuing leads.,open,31,2026-04-22 01:03:00
BLR-2024-0032,2025-11-20,08:15:00,Vijayanagar PS,Bengaluru West,Cybercrime,"IT Act 66C, IT Act 66D",Vijayanagar,13.013693,77.556041,Residents of Vijayanagar reported a cybercrime incident to the police. The victim sustained losses and immediately notified the nearest police station. CCTV footage from nearby cameras is being reviewed by the investigating team. The police have assured that the matter will be resolved promptly.,open,32,2025-11-20 02:12:00
BLR-2024-0033,2025-06-28,18:30:00,Vasanth Nagar PS,Bengaluru Central,Kidnapping,"IPC 363, IPC 365",Frazer Town,12.975607,77.58734,A case of kidnapping occurred near Frazer Town area in Bangalore. The complainant stated that the incident took place during the early hours. The accused fled the scene before authorities could arrive. Officers have collected evidence and are currently pursuing leads.,open,33,2025-06-28 01:28:00
BLR-2024-0034,2025-06-09,06:30:00,Cubbon Park PS,Bengaluru Central,Cheating,IPC 379,Bellandur,12.972024,77.619971,A complaint regarding cheating was lodged at the Bellandur police station. The incident reportedly occurred in a busy area during daylight hours. Local authorities have taken cognizance of the matter and filed an FIR. Further investigation is underway to identify and apprehend the suspect.,open,34,2025-06-09 02:10:00
BLR-2024-0035,2025-10-24,06:30:00,Peenya PS,Bengaluru West,Assault,"IPC 351, IPC 352",Frazer Town,12.998882,77.560526,A complaint regarding assault was lodged at the Frazer Town police station. The incident reportedly occurred in a busy area during daylight hours. Local authorities have taken cognizance of the matter and filed an FIR. Further investigation is underway to identify and apprehend the suspect.,open,35,2025-10-24 04:00:00
BLR-2024-0036,2025-12-04,18:30:00,Marathahalli PS,Bengaluru East,Fraud,"IPC 420, IPC 468",Marathahalli,12.971216,77.724088,A case of fraud occurred near Marathahalli area in Bangalore. The complainant stated that the incident took place during the early hours. The accused fled the scene before authorities could arrive. Officers have collected evidence and are currently pursuing leads.,open,36,2025-12-04 04:44:00
BLR-2024-0037,2025-07-26,06:30:00,Vasanth Nagar PS,Bengaluru Central,Cheating,IPC 379,Brigade Road,12.976192,77.591868,"An incident of cheating was reported in Brigade Road, Bangalore. The victim approached the local police station and filed a complaint. Witnesses present at the scene confirmed the occurrence of the incident. Police have registered the case and begun their investigation.",under_investigation,37,2025-07-26 05:03:00
BLR-2024-0038,2026-05-11,20:00:00,Yelahanka PS,Bengaluru North,Vandalism,"IPC 427, IPC 435",Yelahanka,13.02343,77.590892,"An incident of vandalism was reported in Yelahanka, Bangalore. The victim approached the local police station and filed a complaint. Witnesses present at the scene confirmed the occurrence of the incident. Police have registered the case and begun their investigation.",under_investigation,38,2026-05-11 02:03:00
BLR-2024-0039,2025-08-27,08:15:00,Cubbon Park PS,Bengaluru Central,Fraud,"IPC 420, IPC 468",Frazer Town,13.004054,77.582741,A complaint regarding fraud was lodged at the Frazer Town police station. The incident reportedly occurred in a busy area during daylight hours. Local authorities have taken cognizance of the matter and filed an FIR. Further investigation is underway to identify and apprehend the suspect.,open,39,2025-08-27 04:07:00
BLR-2024-0040,2025-12-11,22:45:00,BTM Layout PS,Bengaluru South,Theft,IPC 379,BTM Layout,12.907235,77.591616,Residents of BTM Layout reported a theft incident to the police. The victim sustained losses and immediately notified the nearest police station. CCTV footage from nearby cameras is being reviewed by the investigating team. The police have assured that the matter will be resolved promptly.,open,40,2025-12-11 04:42:00
BLR-2024-0041,2026-03-26,11:00:00,Cunningham Road PS,Bengaluru Central,Drug Possession,IPC 379,Bannerghatta Road,12.990911,77.617388,A case of drug possession occurred near Bannerghatta Road area in Bangalore. The complainant stated that the incident took place during the early hours. The accused fled the scene before authorities could arrive. Officers have collected evidence and are currently pursuing leads.,open,41,2026-03-26 02:16:00
BLR-2024-0042,2025-06-22,18:30:00,Yelahanka PS,Bengaluru North,Chain Snatching,IPC 379,Yelahanka,13.027853,77.595185,A complaint regarding chain snatching was lodged at the Yelahanka police station. The incident reportedly occurred in a busy area during daylight hours. Local authorities have taken cognizance of the matter and filed an FIR. Further investigation is underway to identify and apprehend the suspect.,open,42,2025-06-22 01:00:00
BLR-2024-0043,2026-01-31,08:15:00,MG Road PS,Bengaluru Central,Vehicle Theft,IPC 379,MG Road,12.994846,77.60252,A case of vehicle theft occurred near MG Road area in Bangalore. The complainant stated that the incident took place during the early hours. The accused fled the scene before authorities could arrive. Officers have collected evidence and are currently pursuing leads.,open,43,2026-01-31 05:13:00
BLR-2024-0044,2026-04-26,08:15:00,Shivajinagar PS,Bengaluru Central,Assault,"IPC 351, IPC 352",HSR Layout,12.975298,77.59396,A case of assault occurred near HSR Layout area in Bangalore. The complainant stated that the incident took place during the early hours. The accused fled the scene before authorities could arrive. Officers have collected evidence and are currently pursuing leads.,open,44,2026-04-26 03:18:00
BLR-2024-0045,2026-01-02,22:45:00,BTM Layout PS,Bengaluru South,Domestic Violence,"IPC 498A, IPC 323",Brigade Road,12.948362,77.599248,A complaint regarding domestic violence was lodged at the Brigade Road police station. The incident reportedly occurred in a busy area during daylight hours. Local authorities have taken cognizance of the matter and filed an FIR. Further investigation is underway to identify and apprehend the suspect.,under_investigation,45,2026-01-02 01:42:00
BLR-2024-0046,2025-07-01,09:45:00,Shivajinagar PS,Bengaluru Central,Stalking,IPC 354D,Kammanahalli,13.00727,77.584143,"An incident of stalking was reported in Kammanahalli, Bangalore. The victim approached the local police station and filed a complaint. Witnesses present at the scene confirmed the occurrence of the incident. Police have registered the case and begun their investigation.",open,46,2025-07-01 01:56:00
BLR-2024-0047,2026-03-03,11:00:00,Malleswaram PS,Bengaluru North,Robbery,"IPC 392, IPC 394",Sarjapur,13.029327,77.569723,A complaint regarding robbery was lodged at the Sarjapur police station. The incident reportedly occurred in a busy area during daylight hours. Local authorities have taken cognizance of the matter and filed an FIR. Further investigation is underway to identify and apprehend the suspect.,open,47,2026-03-03 02:43:00
BLR-2024-0048,2026-05-24,06:30:00,Vijayanagar PS,Bengaluru West,Burglary,IPC 379,Vijayanagar,13.000325,77.517578,A complaint regarding burglary was lodged at the Vijayanagar police station. The incident reportedly occurred in a busy area during daylight hours. Local authorities have taken cognizance of the matter and filed an FIR. Further investigation is underway to identify and apprehend the suspect.,open,48,2026-05-24 04:53:00
BLR-2024-0049,2026-03-18,09:45:00,MG Road PS,Bengaluru Central,Theft,IPC 379,MG Road,12.971763,77.593342,A case of theft occurred near MG Road area in Bangalore. The complainant stated that the incident took place during the early hours. The accused fled the scene before authorities could arrive. Officers have collected evidence and are currently pursuing leads.,open,49,2026-03-18 02:47:00
BLR-2024-0050,2025-12-21,06:30:00,Rajajinagar PS,Bengaluru West,Stalking,IPC 354D,Rajajinagar,13.003101,77.529938,A complaint regarding stalking was lodged at the Rajajinagar police station. The incident reportedly occurred in a busy area during daylight hours. Local authorities have taken cognizance of the matter and filed an FIR. Further investigation is underway to identify and apprehend the suspect.,open,50,2025-12-21 01:56:00
BLR-2024-0051,2026-04-29,20:00:00,Basavanagudi PS,Bengaluru South,Hit and Run,"IPC 279, IPC 304A",Bellandur,12.892522,77.575845,A case of hit and run occurred near Bellandur area in Bangalore. The complainant stated that the incident took place during the early hours. The accused fled the scene before authorities could arrive. Officers have collected evidence and are currently pursuing leads.,open,51,2026-04-29 04:08:00
BLR-2024-0052,2025-11-09,06:30:00,Vijayanagar PS,Bengaluru West,Domestic Violence,"IPC 498A, IPC 323",Vijayanagar,12.988496,77.562929,Residents of Vijayanagar reported a domestic violence incident to the police. The victim sustained losses and immediately notified the nearest police station. CCTV footage from nearby cameras is being reviewed by the investigating team. The police have assured that the matter will be resolved promptly.,open,52,2025-11-09 02:43:00
BLR-2024-0053,2026-04-03,20:00:00,Indiranagar PS,Bengaluru East,Burglary,IPC 379,Indiranagar,13.003355,77.672441,Residents of Indiranagar reported a burglary incident to the police. The victim sustained losses and immediately notified the nearest police station. CCTV footage from nearby cameras is being reviewed by the investigating team. The police have assured that the matter will be resolved promptly.,closed,53,2026-04-03 05:47:00
BLR-2024-0054,2026-02-20,09:45:00,JP Nagar PS,Bengaluru South,Robbery,"IPC 392, IPC 394",Bannerghatta Road,12.950522,77.618334,A complaint regarding robbery was lodged at the Bannerghatta Road police station. The incident reportedly occurred in a busy area during daylight hours. Local authorities have taken cognizance of the matter and filed an FIR. Further investigation is underway to identify and apprehend the suspect.,closed,54,2026-02-20 01:11:00
BLR-2024-0055,2025-06-23,11:00:00,Marathahalli PS,Bengaluru East,Stalking,IPC 354D,Koramangala,13.014179,77.733688,A case of stalking occurred near Koramangala area in Bangalore. The complainant stated that the incident took place during the early hours. The accused fled the scene before authorities could arrive. Officers have collected evidence and are currently pursuing leads.,open,55,2025-06-23 02:50:00
BLR-2024-0056,2025-06-26,18:30:00,Jayanagar PS,Bengaluru South,Hit and Run,"IPC 279, IPC 304A",Jayanagar,12.916778,77.552711,A case of hit and run occurred near Jayanagar area in Bangalore. The complainant stated that the incident took place during the early hours. The accused fled the scene before authorities could arrive. Officers have collected evidence and are currently pursuing leads.,open,56,2025-06-26 02:52:00
BLR-2024-0057,2026-04-25,11:00:00,Magadi Road PS,Bengaluru West,Kidnapping,"IPC 363, IPC 365",Brigade Road,12.988311,77.555674,Residents of Brigade Road reported a kidnapping incident to the police. The victim sustained losses and immediately notified the nearest police station. CCTV footage from nearby cameras is being reviewed by the investigating team. The police have assured that the matter will be resolved promptly.,open,57,2026-04-25 01:42:00
BLR-2024-0058,2026-05-06,08:15:00,Basavanagudi PS,Bengaluru South,Chain Snatching,IPC 379,Basavanagudi,12.917893,77.569502,A case of chain snatching occurred near Basavanagudi area in Bangalore. The complainant stated that the incident took place during the early hours. The accused fled the scene before authorities could arrive. Officers have collected evidence and are currently pursuing leads.,open,58,2026-05-06 03:41:00
BLR-2024-0059,2026-03-25,20:00:00,Jayanagar PS,Bengaluru South,Vehicle Theft,IPC 379,Jayanagar,12.917977,77.61868,A case of vehicle theft occurred near Jayanagar area in Bangalore. The complainant stated that the incident took place during the early hours. The accused fled the scene before authorities could arrive. Officers have collected evidence and are currently pursuing leads.,open,59,2026-03-25 01:07:00
BLR-2024-0060,2025-06-08,06:30:00,Whitefield PS,Bengaluru East,Cybercrime,"IT Act 66C, IT Act 66D",Bellandur,12.996447,77.748026,A complaint regarding cybercrime was lodged at the Bellandur police station. The incident reportedly occurred in a busy area during daylight hours. Local authorities have taken cognizance of the matter and filed an FIR. Further investigation is underway to identify and apprehend the suspect.,open,60,2025-06-08 05:27:00
BLR-2024-0061,2026-04-27,08:15:00,KR Puram PS,Bengaluru East,Robbery,"IPC 392, IPC 394",Brigade Road,12.984912,77.748108,"An incident of robbery was reported in Brigade Road, Bangalore. The victim approached the local police station and filed a complaint. Witnesses present at the scene confirmed the occurrence of the incident. Police have registered the case and begun their investigation.",closed,61,2026-04-27 05:12:00
BLR-2024-0062,2025-08-05,20:00:00,Indiranagar PS,Bengaluru East,Fraud,"IPC 420, IPC 468",Indiranagar,12.953551,77.682327,A case of fraud occurred near Indiranagar area in Bangalore. The complainant stated that the incident took place during the early hours. The accused fled the scene before authorities could arrive. Officers have collected evidence and are currently pursuing leads.,under_investigation,62,2025-08-05 02:23:00
BLR-2024-0063,2026-04-25,22:45:00,Rajajinagar PS,Bengaluru West,Chain Snatching,IPC 379,Bannerghatta Road,13.026932,77.564454,A case of chain snatching occurred near Bannerghatta Road area in Bangalore. The complainant stated that the incident took place during the early hours. The accused fled the scene before authorities could arrive. Officers have collected evidence and are currently pursuing leads.,open,63,2026-04-25 01:46:00
BLR-2024-0064,2025-08-24,16:10:00,Varthur PS,Bengaluru East,Kidnapping,"IPC 363, IPC 365",Frazer Town,12.974743,77.679007,"An incident of kidnapping was reported in Frazer Town, Bangalore. The victim approached the local police station and filed a complaint. Witnesses present at the scene confirmed the occurrence of the incident. Police have registered the case and begun their investigation.",open,64,2025-08-24 05:08:00
BLR-2024-0065,2026-04-06,00:30:00,MG Road PS,Bengaluru Central,Vandalism,"IPC 427, IPC 435",MG Road,12.986818,77.617615,A complaint regarding vandalism was lodged at the MG Road police station. The incident reportedly occurred in a busy area during daylight hours. Local authorities have taken cognizance of the matter and filed an FIR. Further investigation is underway to identify and apprehend the suspect.,open,65,2026-04-06 05:36:00
BLR-2024-0066,2025-06-14,13:20:00,Marathahalli PS,Bengaluru East,Theft,IPC 379,Bannerghatta Road,12.993835,77.630049,"An incident of theft was reported in Bannerghatta Road, Bangalore. The victim approached the local police station and filed a complaint. Witnesses present at the scene confirmed the occurrence of the incident. Police have registered the case and begun their investigation.",open,66,2025-06-14 04:50:00
BLR-2024-0067,2025-06-30,18:30:00,Malleswaram PS,Bengaluru North,Cheating,IPC 379,Malleshwaram,13.059282,77.582549,Residents of Malleshwaram reported a cheating incident to the police. The victim sustained losses and immediately notified the nearest police station. CCTV footage from nearby cameras is being reviewed by the investigating team. The police have assured that the matter will be resolved promptly.,open,67,2025-06-30 05:30:00
BLR-2024-0068,2025-07-17,00:30:00,Hebbal PS,Bengaluru North,Robbery,"IPC 392, IPC 394",Hebbal,13.059531,77.569865,Residents of Hebbal reported a robbery incident to the police. The victim sustained losses and immediately notified the nearest police station. CCTV footage from nearby cameras is being reviewed by the investigating team. The police have assured that the matter will be resolved promptly.,under_investigation,68,2025-07-17 03:05:00
BLR-2024-0069,2026-03-16,11:00:00,Whitefield PS,Bengaluru East,Vehicle Theft,IPC 379,Whitefield,13.003824,77.656957,A case of vehicle theft occurred near Whitefield area in Bangalore. The complainant stated that the incident took place during the early hours. The accused fled the scene before authorities could arrive. Officers have collected evidence and are currently pursuing leads.,open,69,2026-03-16 01:02:00
BLR-2024-0070,2025-07-12,18:30:00,BTM Layout PS,Bengaluru South,Burglary,IPC 379,Sarjapur,12.932789,77.603794,A complaint regarding burglary was lodged at the Sarjapur police station. The incident reportedly occurred in a busy area during daylight hours. Local authorities have taken cognizance of the matter and filed an FIR. Further investigation is underway to identify and apprehend the suspect.,closed,70,2025-07-12 05:12:00
BLR-2024-0071,2025-06-14,00:30:00,JP Nagar PS,Bengaluru South,Cheating,IPC 379,JP Nagar,12.924606,77.567079,A case of cheating occurred near JP Nagar area in Bangalore. The complainant stated that the incident took place during the early hours. The accused fled the scene before authorities could arrive. Officers have collected evidence and are currently pursuing leads.,open,71,2025-06-14 01:49:00
BLR-2024-0072,2025-10-13,02:15:00,Basavanagudi PS,Bengaluru West,Domestic Violence,"IPC 498A, IPC 323",Basavanagudi,12.98313,77.556288,"An incident of domestic violence was reported in Basavanagudi, Bangalore. The victim approached the local police station and filed a complaint. Witnesses present at the scene confirmed the occurrence of the incident. Police have registered the case and begun their investigation.",under_investigation,72,2025-10-13 04:03:00
BLR-2024-0073,2025-09-13,09:45:00,Whitefield PS,Bengaluru East,Assault,"IPC 351, IPC 352",Koramangala,13.023398,77.644563,A case of assault occurred near Koramangala area in Bangalore. The complainant stated that the incident took place during the early hours. The accused fled the scene before authorities could arrive. Officers have collected evidence and are currently pursuing leads.,closed,73,2025-09-13 05:35:00
BLR-2024-0074,2025-09-05,18:30:00,Jayanagar PS,Bengaluru South,Fraud,"IPC 420, IPC 468",Jayanagar,12.912211,77.602868,A case of fraud occurred near Jayanagar area in Bangalore. The complainant stated that the incident took place during the early hours. The accused fled the scene before authorities could arrive. Officers have collected evidence and are currently pursuing leads.,under_investigation,74,2025-09-05 05:27:00
BLR-2024-0075,2026-01-31,18:30:00,Vasanth Nagar PS,Bengaluru Central,Drug Possession,IPC 379,Brigade Road,13.005888,77.609746,Residents of Brigade Road reported a drug possession incident to the police. The victim sustained losses and immediately notified the nearest police station. CCTV footage from nearby cameras is being reviewed by the investigating team. The police have assured that the matter will be resolved promptly.,closed,75,2026-01-31 03:48:00
BLR-2024-0076,2026-02-08,00:30:00,Banashankari PS,Bengaluru South,Fraud,"IPC 420, IPC 468",Bellandur,12.943607,77.586491,A case of fraud occurred near Bellandur area in Bangalore. The complainant stated that the incident took place during the early hours. The accused fled the scene before authorities could arrive. Officers have collected evidence and are currently pursuing leads.,open,76,2026-02-08 03:28:00
BLR-2024-0077,2025-10-30,14:50:00,Yelahanka PS,Bengaluru North,Vandalism,"IPC 427, IPC 435",Yelahanka,13.062813,77.566415,Residents of Yelahanka reported a vandalism incident to the police. The victim sustained losses and immediately notified the nearest police station. CCTV footage from nearby cameras is being reviewed by the investigating team. The police have assured that the matter will be resolved promptly.,open,77,2025-10-30 05:05:00
BLR-2024-0078,2026-04-21,09:45:00,Basavanagudi PS,Bengaluru South,Vandalism,"IPC 427, IPC 435",Basavanagudi,12.900558,77.576812,A complaint regarding vandalism was lodged at the Basavanagudi police station. The incident reportedly occurred in a busy area during daylight hours. Local authorities have taken cognizance of the matter and filed an FIR. Further investigation is underway to identify and apprehend the suspect.,open,78,2026-04-21 01:26:00
BLR-2024-0079,2025-08-16,06:30:00,Shivajinagar PS,Bengaluru West,Fraud,"IPC 420, IPC 468",Shivajinagar,12.989853,77.532615,Residents of Shivajinagar reported a fraud incident to the police. The victim sustained losses and immediately notified the nearest police station. CCTV footage from nearby cameras is being reviewed by the investigating team. The police have assured that the matter will be resolved promptly.,open,79,2025-08-16 04:24:00
BLR-2024-0080,2025-07-26,16:10:00,Sadashivanagar PS,Bengaluru North,Domestic Violence,"IPC 498A, IPC 323",Malleshwaram,13.071404,77.603592,A case of domestic violence occurred near Malleshwaram area in Bangalore. The complainant stated that the incident took place during the early hours. The accused fled the scene before authorities could arrive. Officers have collected evidence and are currently pursuing leads.,closed,80,2025-07-26 01:22:00
BLR-2024-0081,2026-05-02,16:10:00,Vijayanagar PS,Bengaluru West,Vehicle Theft,IPC 379,Vijayanagar,13.015209,77.559741,A complaint regarding vehicle theft was lodged at the Vijayanagar police station. The incident reportedly occurred in a busy area during daylight hours. Local authorities have taken cognizance of the matter and filed an FIR. Further investigation is underway to identify and apprehend the suspect.,under_investigation,81,2026-05-02 05:51:00
BLR-2024-0082,2026-05-01,13:20:00,MG Road PS,Bengaluru Central,Stalking,IPC 354D,MG Road,13.005912,77.599529,A complaint regarding stalking was lodged at the MG Road police station. The incident reportedly occurred in a busy area during daylight hours. Local authorities have taken cognizance of the matter and filed an FIR. Further investigation is underway to identify and apprehend the suspect.,closed,82,2026-05-01 04:01:00
BLR-2024-0083,2025-07-18,02:15:00,KR Puram PS,Bengaluru East,Hit and Run,"IPC 279, IPC 304A",Koramangala,13.00351,77.725777,A case of hit and run occurred near Koramangala area in Bangalore. The complainant stated that the incident took place during the early hours. The accused fled the scene before authorities could arrive. Officers have collected evidence and are currently pursuing leads.,open,83,2025-07-18 04:58:00
BLR-2024-0084,2025-08-18,16:10:00,Jayanagar PS,Bengaluru South,Burglary,IPC 379,Jayanagar,12.958651,77.587389,Residents of Jayanagar reported a burglary incident to the police. The victim sustained losses and immediately notified the nearest police station. CCTV footage from nearby cameras is being reviewed by the investigating team. The police have assured that the matter will be resolved promptly.,under_investigation,84,2025-08-18 05:42:00
BLR-2024-0085,2026-04-13,18:30:00,JP Nagar PS,Bengaluru South,Vandalism,"IPC 427, IPC 435",JP Nagar,12.895876,77.580003,A complaint regarding vandalism was lodged at the JP Nagar police station. The incident reportedly occurred in a busy area during daylight hours. Local authorities have taken cognizance of the matter and filed an FIR. Further investigation is underway to identify and apprehend the suspect.,open,85,2026-04-13 01:16:00
BLR-2024-0086,2025-11-20,16:10:00,Magadi Road PS,Bengaluru West,Hit and Run,"IPC 279, IPC 304A",Bellandur,12.9827,77.522879,A complaint regarding hit and run was lodged at the Bellandur police station. The incident reportedly occurred in a busy area during daylight hours. Local authorities have taken cognizance of the matter and filed an FIR. Further investigation is underway to identify and apprehend the suspect.,open,86,2025-11-20 04:16:00
BLR-2024-0087,2026-03-25,06:30:00,Basavanagudi PS,Bengaluru North,Hit and Run,"IPC 279, IPC 304A",Basavanagudi,13.048218,77.602432,A complaint regarding hit and run was lodged at the Basavanagudi police station. The incident reportedly occurred in a busy area during daylight hours. Local authorities have taken cognizance of the matter and filed an FIR. Further investigation is underway to identify and apprehend the suspect.,open,87,2026-03-25 02:41:00
BLR-2024-0088,2025-06-20,06:30:00,JP Nagar PS,Bengaluru South,Kidnapping,"IPC 363, IPC 365",JP Nagar,12.944686,77.595623,A complaint regarding kidnapping was lodged at the JP Nagar police station. The incident reportedly occurred in a busy area during daylight hours. Local authorities have taken cognizance of the matter and filed an FIR. Further investigation is underway to identify and apprehend the suspect.,open,88,2025-06-20 02:53:00
BLR-2024-0089,2025-11-30,00:30:00,Malleswaram PS,Bengaluru North,Stalking,IPC 354D,Kammanahalli,13.029143,77.558835,A complaint regarding stalking was lodged at the Kammanahalli police station. The incident reportedly occurred in a busy area during daylight hours. Local authorities have taken cognizance of the matter and filed an FIR. Further investigation is underway to identify and apprehend the suspect.,open,89,2025-11-30 05:13:00
BLR-2024-0090,2026-05-08,22:45:00,Magadi Road PS,Bengaluru West,Vandalism,"IPC 427, IPC 435",Bellandur,13.016014,77.511745,A complaint regarding vandalism was lodged at the Bellandur police station. The incident reportedly occurred in a busy area during daylight hours. Local authorities have taken cognizance of the matter and filed an FIR. Further investigation is underway to identify and apprehend the suspect.,open,90,2026-05-08 02:19:00
BLR-2024-0091,2025-10-29,22:45:00,Cunningham Road PS,Bengaluru Central,Domestic Violence,"IPC 498A, IPC 323",Cunningham Road,12.993147,77.617155,A complaint regarding domestic violence was lodged at the Cunningham Road police station. The incident reportedly occurred in a busy area during daylight hours. Local authorities have taken cognizance of the matter and filed an FIR. Further investigation is underway to identify and apprehend the suspect.,closed,91,2025-10-29 04:45:00
BLR-2024-0092,2025-09-28,00:30:00,MG Road PS,Bengaluru Central,Domestic Violence,"IPC 498A, IPC 323",MG Road,12.97304,77.607625,Residents of MG Road reported a domestic violence incident to the police. The victim sustained losses and immediately notified the nearest police station. CCTV footage from nearby cameras is being reviewed by the investigating team. The police have assured that the matter will be resolved promptly.,open,92,2025-09-28 01:44:00
BLR-2024-0093,2025-06-14,22:45:00,Varthur PS,Bengaluru East,Hit and Run,"IPC 279, IPC 304A",Kammanahalli,13.014442,77.725547,Residents of Kammanahalli reported a hit and run incident to the police. The victim sustained losses and immediately notified the nearest police station. CCTV footage from nearby cameras is being reviewed by the investigating team. The police have assured that the matter will be resolved promptly.,open,93,2025-06-14 03:34:00
BLR-2024-0094,2025-07-05,06:30:00,Magadi Road PS,Bengaluru West,Stalking,IPC 354D,Bannerghatta Road,12.974137,77.545328,A complaint regarding stalking was lodged at the Bannerghatta Road police station. The incident reportedly occurred in a busy area during daylight hours. Local authorities have taken cognizance of the matter and filed an FIR. Further investigation is underway to identify and apprehend the suspect.,closed,94,2025-07-05 04:06:00
BLR-2024-0095,2026-01-15,02:15:00,Magadi Road PS,Bengaluru West,Fraud,"IPC 420, IPC 468",Kammanahalli,13.008135,77.55801,A case of fraud occurred near Kammanahalli area in Bangalore. The complainant stated that the incident took place during the early hours. The accused fled the scene before authorities could arrive. Officers have collected evidence and are currently pursuing leads.,open,95,2026-01-15 04:11:00
BLR-2024-0096,2025-09-18,20:00:00,JP Nagar PS,Bengaluru South,Robbery,"IPC 392, IPC 394",JP Nagar,12.957583,77.568906,A complaint regarding robbery was lodged at the JP Nagar police station. The incident reportedly occurred in a busy area during daylight hours. Local authorities have taken cognizance of the matter and filed an FIR. Further investigation is underway to identify and apprehend the suspect.,closed,96,2025-09-18 04:27:00
BLR-2024-0097,2025-10-08,08:15:00,Shivajinagar PS,Bengaluru Central,Stalking,IPC 354D,HSR Layout,12.982892,77.58982,Residents of HSR Layout reported a stalking incident to the police. The victim sustained losses and immediately notified the nearest police station. CCTV footage from nearby cameras is being reviewed by the investigating team. The police have assured that the matter will be resolved promptly.,open,97,2025-10-08 04:15:00
BLR-2024-0098,2025-12-31,14:50:00,Vijayanagar PS,Bengaluru West,Drug Possession,IPC 379,Vijayanagar,13.004191,77.546773,"An incident of drug possession was reported in Vijayanagar, Bangalore. The victim approached the local police station and filed a complaint. Witnesses present at the scene confirmed the occurrence of the incident. Police have registered the case and begun their investigation.",open,98,2025-12-31 04:54:00
BLR-2024-0099,2025-11-27,13:20:00,Whitefield PS,Bengaluru East,Robbery,"IPC 392, IPC 394",Bannerghatta Road,12.989004,77.672579,A case of robbery occurred near Bannerghatta Road area in Bangalore. The complainant stated that the incident took place during the early hours. The accused fled the scene before authorities could arrive. Officers have collected evidence and are currently pursuing leads.,open,99,2025-11-27 03:56:00
BLR-2024-0100,2025-06-25,06:30:00,Yelahanka PS,Bengaluru North,Drug Possession,IPC 379,Yelahanka,13.062071,77.569339,"An incident of drug possession was reported in Yelahanka, Bangalore. The victim approached the local police station and filed a complaint. Witnesses present at the scene confirmed the occurrence of the incident. Police have registered the case and begun their investigation.",under_investigation,100,2025-06-25 02:05:00
BLR-2024-0101,2025-10-28,11:00:00,Marathahalli PS,Bengaluru East,Chain Snatching,IPC 379,Marathahalli,13.007606,77.688629,Residents of Marathahalli reported a chain snatching incident to the police. The victim sustained losses and immediately notified the nearest police station. CCTV footage from nearby cameras is being reviewed by the investigating team. The police have assured that the matter will be resolved promptly.,closed,101,2025-10-28 04:28:00
BLR-2024-0102,2025-11-19,02:15:00,Marathahalli PS,Bengaluru East,Vandalism,"IPC 427, IPC 435",Marathahalli,12.957444,77.656592,Residents of Marathahalli reported a vandalism incident to the police. The victim sustained losses and immediately notified the nearest police station. CCTV footage from nearby cameras is being reviewed by the investigating team. The police have assured that the matter will be resolved promptly.,open,102,2025-11-19 03:42:00
BLR-2024-0103,2025-08-17,14:50:00,Hebbal PS,Bengaluru North,Fraud,"IPC 420, IPC 468",Hebbal,13.042141,77.588743,A complaint regarding fraud was lodged at the Hebbal police station. The incident reportedly occurred in a busy area during daylight hours. Local authorities have taken cognizance of the matter and filed an FIR. Further investigation is underway to identify and apprehend the suspect.,closed,103,2025-08-17 05:21:00
BLR-2024-0104,2025-08-29,13:20:00,Yelahanka PS,Bengaluru North,Fraud,"IPC 420, IPC 468",Yelahanka,13.062171,77.568964,A complaint regarding fraud was lodged at the Yelahanka police station. The incident reportedly occurred in a busy area during daylight hours. Local authorities have taken cognizance of the matter and filed an FIR. Further investigation is underway to identify and apprehend the suspect.,open,104,2025-08-29 01:46:00
BLR-2024-0105,2025-10-26,02:15:00,Banashankari PS,Bengaluru South,Fraud,"IPC 420, IPC 468",Bannerghatta Road,12.898369,77.58751,"An incident of fraud was reported in Bannerghatta Road, Bangalore. The victim approached the local police station and filed a complaint. Witnesses present at the scene confirmed the occurrence of the incident. Police have registered the case and begun their investigation.",open,105,2025-10-26 02:13:00
BLR-2024-0106,2025-08-16,20:00:00,Hebbal PS,Bengaluru North,Fraud,"IPC 420, IPC 468",Hebbal,13.03659,77.591271,A complaint regarding fraud was lodged at the Hebbal police station. The incident reportedly occurred in a busy area during daylight hours. Local authorities have taken cognizance of the matter and filed an FIR. Further investigation is underway to identify and apprehend the suspect.,under_investigation,106,2025-08-16 03:06:00
BLR-2024-0107,2025-07-10,13:20:00,BTM Layout PS,Bengaluru South,Chain Snatching,IPC 379,BTM Layout,12.910737,77.575262,Residents of BTM Layout reported a chain snatching incident to the police. The victim sustained losses and immediately notified the nearest police station. CCTV footage from nearby cameras is being reviewed by the investigating team. The police have assured that the matter will be resolved promptly.,open,107,2025-07-10 05:08:00
BLR-2024-0108,2026-05-14,13:20:00,MG Road PS,Bengaluru Central,Fraud,"IPC 420, IPC 468",MG Road,12.971821,77.582181,"An incident of fraud was reported in MG Road, Bangalore. The victim approached the local police station and filed a complaint. Witnesses present at the scene confirmed the occurrence of the incident. Police have registered the case and begun their investigation.",open,108,2026-05-14 04:06:00
BLR-2024-0109,2026-02-05,14:50:00,Malleswaram PS,Bengaluru North,Chain Snatching,IPC 379,Bannerghatta Road,13.03706,77.58351,"An incident of chain snatching was reported in Bannerghatta Road, Bangalore. The victim approached the local police station and filed a complaint. Witnesses present at the scene confirmed the occurrence of the incident. Police have registered the case and begun their investigation.",open,109,2026-02-05 01:16:00
BLR-2024-0110,2026-03-05,18:30:00,JP Nagar PS,Bengaluru South,Burglary,IPC 379,JP Nagar,12.897986,77.554574,"An incident of burglary was reported in JP Nagar, Bangalore. The victim approached the local police station and filed a complaint. Witnesses present at the scene confirmed the occurrence of the incident. Police have registered the case and begun their investigation.",open,110,2026-03-05 05:40:00
BLR-2024-0111,2025-07-29,13:20:00,Vijayanagar PS,Bengaluru West,Theft,IPC 379,Vijayanagar,12.979104,77.55678,A case of theft occurred near Vijayanagar area in Bangalore. The complainant stated that the incident took place during the early hours. The accused fled the scene before authorities could arrive. Officers have collected evidence and are currently pursuing leads.,open,111,2025-07-29 02:07:00
BLR-2024-0112,2025-06-17,11:00:00,Vasanth Nagar PS,Bengaluru Central,Vandalism,"IPC 427, IPC 435",Kammanahalli,12.994253,77.61163,"An incident of vandalism was reported in Kammanahalli, Bangalore. The victim approached the local police station and filed a complaint. Witnesses present at the scene confirmed the occurrence of the incident. Police have registered the case and begun their investigation.",under_investigation,112,2025-06-17 04:28:00
BLR-2024-0113,2025-11-27,13:20:00,KR Puram PS,Bengaluru East,Cheating,IPC 379,Koramangala,13.018813,77.748804,"An incident of cheating was reported in Koramangala, Bangalore. The victim approached the local police station and filed a complaint. Witnesses present at the scene confirmed the occurrence of the incident. Police have registered the case and begun their investigation.",under_investigation,113,2025-11-27 05:03:00
BLR-2024-0114,2026-01-17,11:00:00,Cubbon Park PS,Bengaluru Central,Burglary,IPC 379,Brigade Road,13.007904,77.588312,"An incident of burglary was reported in Brigade Road, Bangalore. The victim approached the local police station and filed a complaint. Witnesses present at the scene confirmed the occurrence of the incident. Police have registered the case and begun their investigation.",open,114,2026-01-17 01:10:00
BLR-2024-0115,2026-05-31,16:10:00,Hebbal PS,Bengaluru North,Cybercrime,"IT Act 66C, IT Act 66D",Malleshwaram,13.05312,77.560957,A case of cybercrime occurred near Malleshwaram area in Bangalore. The complainant stated that the incident took place during the early hours. The accused fled the scene before authorities could arrive. Officers have collected evidence and are currently pursuing leads.,closed,115,2026-05-31 05:30:00
BLR-2024-0116,2025-07-25,13:20:00,Hebbal PS,Bengaluru North,Chain Snatching,IPC 379,Hebbal,13.021958,77.570167,A case of chain snatching occurred near Hebbal area in Bangalore. The complainant stated that the incident took place during the early hours. The accused fled the scene before authorities could arrive. Officers have collected evidence and are currently pursuing leads.,closed,116,2025-07-25 01:43:00
BLR-2024-0117,2025-12-11,00:30:00,Banashankari PS,Bengaluru South,Domestic Violence,"IPC 498A, IPC 323",Brigade Road,12.945148,77.593754,A complaint regarding domestic violence was lodged at the Brigade Road police station. The incident reportedly occurred in a busy area during daylight hours. Local authorities have taken cognizance of the matter and filed an FIR. Further investigation is underway to identify and apprehend the suspect.,open,117,2025-12-11 04:07:00
BLR-2024-0118,2026-03-23,09:45:00,MG Road PS,Bengaluru Central,Drug Possession,IPC 379,Electronic City,12.995905,77.616336,A case of drug possession occurred near Electronic City area in Bangalore. The complainant stated that the incident took place during the early hours. The accused fled the scene before authorities could arrive. Officers have collected evidence and are currently pursuing leads.,open,118,2026-03-23 01:10:00
BLR-2024-0119,2025-12-10,13:20:00,Marathahalli PS,Bengaluru East,Kidnapping,"IPC 363, IPC 365",Marathahalli,12.997604,77.728909,A complaint regarding kidnapping was lodged at the Marathahalli police station. The incident reportedly occurred in a busy area during daylight hours. Local authorities have taken cognizance of the matter and filed an FIR. Further investigation is underway to identify and apprehend the suspect.,closed,119,2025-12-10 01:29:00
BLR-2024-0120,2026-03-15,20:00:00,Yelahanka PS,Bengaluru North,Vandalism,"IPC 427, IPC 435",Yelahanka,13.061984,77.615987,"An incident of vandalism was reported in Yelahanka, Bangalore. The victim approached the local police station and filed a complaint. Witnesses present at the scene confirmed the occurrence of the incident. Police have registered the case and begun their investigation.",under_investigation,120,2026-03-15 04:28:00
BLR-2024-0121,2025-07-24,02:15:00,Rajajinagar PS,Bengaluru West,Chain Snatching,IPC 379,Rajajinagar,13.005882,77.56226,A complaint regarding chain snatching was lodged at the Rajajinagar police station. The incident reportedly occurred in a busy area during daylight hours. Local authorities have taken cognizance of the matter and filed an FIR. Further investigation is underway to identify and apprehend the suspect.,open,121,2025-07-24 05:16:00
BLR-2024-0122,2025-10-25,22:45:00,Hebbal PS,Bengaluru North,Kidnapping,"IPC 363, IPC 365",Hebbal,13.02548,77.617334,A case of kidnapping occurred near Hebbal area in Bangalore. The complainant stated that the incident took place during the early hours. The accused fled the scene before authorities could arrive. Officers have collected evidence and are currently pursuing leads.,under_investigation,122,2025-10-25 01:48:00
BLR-2024-0123,2025-06-09,09:45:00,JP Nagar PS,Bengaluru South,Stalking,IPC 354D,JP Nagar,12.930337,77.603418,A complaint regarding stalking was lodged at the JP Nagar police station. The incident reportedly occurred in a busy area during daylight hours. Local authorities have taken cognizance of the matter and filed an FIR. Further investigation is underway to identify and apprehend the suspect.,closed,123,2025-06-09 05:41:00
BLR-2024-0124,2026-05-07,00:30:00,Magadi Road PS,Bengaluru West,Theft,IPC 379,Bannerghatta Road,12.980889,77.540973,A complaint regarding theft was lodged at the Bannerghatta Road police station. The incident reportedly occurred in a busy area during daylight hours. Local authorities have taken cognizance of the matter and filed an FIR. Further investigation is underway to identify and apprehend the suspect.,closed,124,2026-05-07 01:30:00
BLR-2024-0125,2025-11-09,09:45:00,Marathahalli PS,Bengaluru East,Cheating,IPC 379,Sarjapur,12.976665,77.710416,A complaint regarding cheating was lodged at the Sarjapur police station. The incident reportedly occurred in a busy area during daylight hours. Local authorities have taken cognizance of the matter and filed an FIR. Further investigation is underway to identify and apprehend the suspect.,open,125,2025-11-09 04:44:00
BLR-2024-0126,2025-07-09,20:00:00,Magadi Road PS,Bengaluru West,Chain Snatching,IPC 379,HSR Layout,13.009755,77.528032,A case of chain snatching occurred near HSR Layout area in Bangalore. The complainant stated that the incident took place during the early hours. The accused fled the scene before authorities could arrive. Officers have collected evidence and are currently pursuing leads.,open,126,2025-07-09 04:05:00
BLR-2024-0127,2025-12-31,16:10:00,Basavanagudi PS,Bengaluru East,Cybercrime,"IT Act 66C, IT Act 66D",Basavanagudi,12.970192,77.643911,A complaint regarding cybercrime was lodged at the Basavanagudi police station. The incident reportedly occurred in a busy area during daylight hours. Local authorities have taken cognizance of the matter and filed an FIR. Further investigation is underway to identify and apprehend the suspect.,under_investigation,127,2025-12-31 01:42:00
BLR-2024-0128,2025-06-08,20:00:00,BTM Layout PS,Bengaluru South,Burglary,IPC 379,BTM Layout,12.922338,77.553794,A case of burglary occurred near BTM Layout area in Bangalore. The complainant stated that the incident took place during the early hours. The accused fled the scene before authorities could arrive. Officers have collected evidence and are currently pursuing leads.,open,128,2025-06-08 05:48:00
BLR-2024-0129,2026-04-11,11:00:00,Marathahalli PS,Bengaluru East,Cybercrime,"IT Act 66C, IT Act 66D",Marathahalli,13.000033,77.721199,A complaint regarding cybercrime was lodged at the Marathahalli police station. The incident reportedly occurred in a busy area during daylight hours. Local authorities have taken cognizance of the matter and filed an FIR. Further investigation is underway to identify and apprehend the suspect.,open,129,2026-04-11 05:08:00
BLR-2024-0130,2026-04-17,08:15:00,Rajajinagar PS,Bengaluru West,Cheating,IPC 379,Rajajinagar,12.996287,77.548878,"An incident of cheating was reported in Rajajinagar, Bangalore. The victim approached the local police station and filed a complaint. Witnesses present at the scene confirmed the occurrence of the incident. Police have registered the case and begun their investigation.",open,130,2026-04-17 05:51:00
BLR-2024-0131,2025-12-05,16:10:00,Whitefield PS,Bengaluru East,Theft,IPC 379,Koramangala,12.97486,77.631641,A complaint regarding theft was lodged at the Koramangala police station. The incident reportedly occurred in a busy area during daylight hours. Local authorities have taken cognizance of the matter and filed an FIR. Further investigation is underway to identify and apprehend the suspect.,open,131,2025-12-05 02:53:00
BLR-2024-0132,2025-09-14,09:45:00,Jalahalli PS,Bengaluru North,Robbery,"IPC 392, IPC 394",Frazer Town,13.076824,77.59534,Residents of Frazer Town reported a robbery incident to the police. The victim sustained losses and immediately notified the nearest police station. CCTV footage from nearby cameras is being reviewed by the investigating team. The police have assured that the matter will be resolved promptly.,closed,132,2025-09-14 03:32:00
BLR-2024-0133,2025-12-03,11:00:00,Marathahalli PS,Bengaluru East,Cybercrime,"IT Act 66C, IT Act 66D",Brigade Road,13.016778,77.747629,Residents of Brigade Road reported a cybercrime incident to the police. The victim sustained losses and immediately notified the nearest police station. CCTV footage from nearby cameras is being reviewed by the investigating team. The police have assured that the matter will be resolved promptly.,closed,133,2025-12-03 05:09:00
BLR-2024-0134,2025-07-17,09:45:00,Vijayanagar PS,Bengaluru West,Kidnapping,"IPC 363, IPC 365",Kammanahalli,13.025312,77.535577,A complaint regarding kidnapping was lodged at the Kammanahalli police station. The incident reportedly occurred in a busy area during daylight hours. Local authorities have taken cognizance of the matter and filed an FIR. Further investigation is underway to identify and apprehend the suspect.,open,134,2025-07-17 03:49:00
BLR-2024-0135,2025-06-27,06:30:00,Magadi Road PS,Bengaluru West,Hit and Run,"IPC 279, IPC 304A",Frazer Town,13.026055,77.535542,"An incident of hit and run was reported in Frazer Town, Bangalore. The victim approached the local police station and filed a complaint. Witnesses present at the scene confirmed the occurrence of the incident. Police have registered the case and begun their investigation.",open,135,2025-06-27 03:53:00
BLR-2024-0136,2026-01-04,09:45:00,Yelahanka PS,Bengaluru North,Chain Snatching,IPC 379,Yelahanka,13.054795,77.596196,"An incident of chain snatching was reported in Yelahanka, Bangalore. The victim approached the local police station and filed a complaint. Witnesses present at the scene confirmed the occurrence of the incident. Police have registered the case and begun their investigation.",closed,136,2026-01-04 05:30:00
BLR-2024-0137,2025-12-25,16:10:00,BTM Layout PS,Bengaluru South,Stalking,IPC 354D,BTM Layout,12.913271,77.603401,A case of stalking occurred near BTM Layout area in Bangalore. The complainant stated that the incident took place during the early hours. The accused fled the scene before authorities could arrive. Officers have collected evidence and are currently pursuing leads.,closed,137,2025-12-25 03:55:00
BLR-2024-0138,2025-12-30,16:10:00,Hebbal PS,Bengaluru North,Kidnapping,"IPC 363, IPC 365",Hebbal,13.078846,77.566716,A complaint regarding kidnapping was lodged at the Hebbal police station. The incident reportedly occurred in a busy area during daylight hours. Local authorities have taken cognizance of the matter and filed an FIR. Further investigation is underway to identify and apprehend the suspect.,open,138,2025-12-30 04:02:00
BLR-2024-0139,2025-12-10,16:10:00,Marathahalli PS,Bengaluru East,Stalking,IPC 354D,Brigade Road,13.006418,77.727369,A complaint regarding stalking was lodged at the Brigade Road police station. The incident reportedly occurred in a busy area during daylight hours. Local authorities have taken cognizance of the matter and filed an FIR. Further investigation is underway to identify and apprehend the suspect.,open,139,2025-12-10 04:02:00
BLR-2024-0140,2026-01-04,08:15:00,Cunningham Road PS,Bengaluru Central,Domestic Violence,"IPC 498A, IPC 323",Cunningham Road,12.990092,77.603607,A complaint regarding domestic violence was lodged at the Cunningham Road police station. The incident reportedly occurred in a busy area during daylight hours. Local authorities have taken cognizance of the matter and filed an FIR. Further investigation is underway to identify and apprehend the suspect.,closed,140,2026-01-04 01:33:00
BLR-2024-0141,2026-05-16,00:30:00,Rajajinagar PS,Bengaluru West,Cybercrime,"IT Act 66C, IT Act 66D",Electronic City,13.013347,77.528699,Residents of Electronic City reported a cybercrime incident to the police. The victim sustained losses and immediately notified the nearest police station. CCTV footage from nearby cameras is being reviewed by the investigating team. The police have assured that the matter will be resolved promptly.,open,141,2026-05-16 01:30:00
BLR-2024-0142,2026-03-10,00:30:00,Jayanagar PS,Bengaluru South,Cybercrime,"IT Act 66C, IT Act 66D",Jayanagar,12.913699,77.598489,A complaint regarding cybercrime was lodged at the Jayanagar police station. The incident reportedly occurred in a busy area during daylight hours. Local authorities have taken cognizance of the matter and filed an FIR. Further investigation is underway to identify and apprehend the suspect.,open,142,2026-03-10 03:54:00
BLR-2024-0143,2025-06-26,18:30:00,Vasanth Nagar PS,Bengaluru Central,Cybercrime,"IT Act 66C, IT Act 66D",Brigade Road,13.008166,77.605072,A complaint regarding cybercrime was lodged at the Brigade Road police station. The incident reportedly occurred in a busy area during daylight hours. Local authorities have taken cognizance of the matter and filed an FIR. Further investigation is underway to identify and apprehend the suspect.,under_investigation,143,2025-06-26 01:39:00
BLR-2024-0144,2025-10-18,13:20:00,Cunningham Road PS,Bengaluru Central,Stalking,IPC 354D,Cunningham Road,12.979391,77.607376,A complaint regarding stalking was lodged at the Cunningham Road police station. The incident reportedly occurred in a busy area during daylight hours. Local authorities have taken cognizance of the matter and filed an FIR. Further investigation is underway to identify and apprehend the suspect.,open,144,2025-10-18 01:27:00
BLR-2024-0145,2025-06-07,06:30:00,Sadashivanagar PS,Bengaluru North,Theft,IPC 379,Kammanahalli,13.046621,77.59858,Residents of Kammanahalli reported a theft incident to the police. The victim sustained losses and immediately notified the nearest police station. CCTV footage from nearby cameras is being reviewed by the investigating team. The police have assured that the matter will be resolved promptly.,open,145,2025-06-07 03:50:00
BLR-2024-0146,2025-08-30,09:45:00,Indiranagar PS,Bengaluru East,Cybercrime,"IT Act 66C, IT Act 66D",Indiranagar,12.973469,77.674981,A case of cybercrime occurred near Indiranagar area in Bangalore. The complainant stated that the incident took place during the early hours. The accused fled the scene before authorities could arrive. Officers have collected evidence and are currently pursuing leads.,open,146,2025-08-30 05:26:00
BLR-2024-0147,2025-09-04,16:10:00,MG Road PS,Bengaluru Central,Drug Possession,IPC 379,Electronic City,12.976799,77.583159,A complaint regarding drug possession was lodged at the Electronic City police station. The incident reportedly occurred in a busy area during daylight hours. Local authorities have taken cognizance of the matter and filed an FIR. Further investigation is underway to identify and apprehend the suspect.,under_investigation,147,2025-09-04 02:31:00
BLR-2024-0148,2026-04-02,13:20:00,MG Road PS,Bengaluru Central,Theft,IPC 379,MG Road,12.975725,77.598446,A complaint regarding theft was lodged at the MG Road police station. The incident reportedly occurred in a busy area during daylight hours. Local authorities have taken cognizance of the matter and filed an FIR. Further investigation is underway to identify and apprehend the suspect.,closed,148,2026-04-02 03:42:00
BLR-2024-0149,2025-10-10,13:20:00,Vijayanagar PS,Bengaluru West,Burglary,IPC 379,Vijayanagar,13.023935,77.532568,"An incident of burglary was reported in Vijayanagar, Bangalore. The victim approached the local police station and filed a complaint. Witnesses present at the scene confirmed the occurrence of the incident. Police have registered the case and begun their investigation.",under_investigation,149,2025-10-10 02:04:00
BLR-2024-0150,2025-08-30,16:10:00,Magadi Road PS,Bengaluru West,Vehicle Theft,IPC 379,Kammanahalli,13.029259,77.520941,A complaint regarding vehicle theft was lodged at the Kammanahalli police station. The incident reportedly occurred in a busy area during daylight hours. Local authorities have taken cognizance of the matter and filed an FIR. Further investigation is underway to identify and apprehend the suspect.,open,150,2025-08-30 04:54:00
BLR-2024-0151,2026-03-14,18:30:00,Marathahalli PS,Bengaluru East,Kidnapping,"IPC 363, IPC 365",Marathahalli,12.965937,77.676163,Residents of Marathahalli reported a kidnapping incident to the police. The victim sustained losses and immediately notified the nearest police station. CCTV footage from nearby cameras is being reviewed by the investigating team. The police have assured that the matter will be resolved promptly.,open,151,2026-03-14 02:24:00
BLR-2024-0152,2025-12-12,02:15:00,Indiranagar PS,Bengaluru East,Vehicle Theft,IPC 379,Indiranagar,12.978717,77.665505,"An incident of vehicle theft was reported in Indiranagar, Bangalore. The victim approached the local police station and filed a complaint. Witnesses present at the scene confirmed the occurrence of the incident. Police have registered the case and begun their investigation.",open,152,2025-12-12 01:53:00
BLR-2024-0153,2025-09-12,00:30:00,Rajajinagar PS,Bengaluru West,Domestic Violence,"IPC 498A, IPC 323",Rajajinagar,12.986469,77.539615,Residents of Rajajinagar reported a domestic violence incident to the police. The victim sustained losses and immediately notified the nearest police station. CCTV footage from nearby cameras is being reviewed by the investigating team. The police have assured that the matter will be resolved promptly.,open,153,2025-09-12 05:47:00
BLR-2024-0154,2026-05-14,11:00:00,JP Nagar PS,Bengaluru South,Vandalism,"IPC 427, IPC 435",JP Nagar,12.948299,77.613205,Residents of JP Nagar reported a vandalism incident to the police. The victim sustained losses and immediately notified the nearest police station. CCTV footage from nearby cameras is being reviewed by the investigating team. The police have assured that the matter will be resolved promptly.,under_investigation,154,2026-05-14 03:14:00
BLR-2024-0155,2026-05-18,02:15:00,Rajajinagar PS,Bengaluru West,Kidnapping,"IPC 363, IPC 365",Rajajinagar,13.007253,77.547444,"An incident of kidnapping was reported in Rajajinagar, Bangalore. The victim approached the local police station and filed a complaint. Witnesses present at the scene confirmed the occurrence of the incident. Police have registered the case and begun their investigation.",open,155,2026-05-18 01:57:00
BLR-2024-0156,2025-08-23,14:50:00,Yelahanka PS,Bengaluru North,Robbery,"IPC 392, IPC 394",Frazer Town,13.067317,77.552336,"An incident of robbery was reported in Frazer Town, Bangalore. The victim approached the local police station and filed a complaint. Witnesses present at the scene confirmed the occurrence of the incident. Police have registered the case and begun their investigation.",open,156,2025-08-23 01:58:00
BLR-2024-0157,2025-08-25,09:45:00,KR Puram PS,Bengaluru East,Theft,IPC 379,Sarjapur,13.009798,77.651077,A case of theft occurred near Sarjapur area in Bangalore. The complainant stated that the incident took place during the early hours. The accused fled the scene before authorities could arrive. Officers have collected evidence and are currently pursuing leads.,under_investigation,157,2025-08-25 03:33:00
BLR-2024-0158,2026-03-19,13:20:00,Jayanagar PS,Bengaluru South,Chain Snatching,IPC 379,Jayanagar,12.953944,77.608133,A case of chain snatching occurred near Jayanagar area in Bangalore. The complainant stated that the incident took place during the early hours. The accused fled the scene before authorities could arrive. Officers have collected evidence and are currently pursuing leads.,closed,158,2026-03-19 03:47:00
BLR-2024-0159,2025-08-08,11:00:00,Indiranagar PS,Bengaluru East,Vehicle Theft,IPC 379,HSR Layout,12.987467,77.639036,"An incident of vehicle theft was reported in HSR Layout, Bangalore. The victim approached the local police station and filed a complaint. Witnesses present at the scene confirmed the occurrence of the incident. Police have registered the case and begun their investigation.",closed,159,2025-08-08 05:23:00
BLR-2024-0160,2025-06-24,20:00:00,Yelahanka PS,Bengaluru North,Domestic Violence,"IPC 498A, IPC 323",Yelahanka,13.067441,77.550974,A case of domestic violence occurred near Yelahanka area in Bangalore. The complainant stated that the incident took place during the early hours. The accused fled the scene before authorities could arrive. Officers have collected evidence and are currently pursuing leads.,open,160,2025-06-24 04:23:00
BLR-2024-0161,2025-09-13,14:50:00,Vijayanagar PS,Bengaluru West,Burglary,IPC 379,Vijayanagar,13.005074,77.557569,A case of burglary occurred near Vijayanagar area in Bangalore. The complainant stated that the incident took place during the early hours. The accused fled the scene before authorities could arrive. Officers have collected evidence and are currently pursuing leads.,open,161,2025-09-13 02:30:00
BLR-2024-0162,2025-11-14,22:45:00,Malleswaram PS,Bengaluru North,Cybercrime,"IT Act 66C, IT Act 66D",Malleshwaram,13.073054,77.589299,"An incident of cybercrime was reported in Malleshwaram, Bangalore. The victim approached the local police station and filed a complaint. Witnesses present at the scene confirmed the occurrence of the incident. Police have registered the case and begun their investigation.",open,162,2025-11-14 01:40:00
BLR-2024-0163,2025-08-02,16:10:00,Basavanagudi PS,Bengaluru West,Cybercrime,"IT Act 66C, IT Act 66D",Basavanagudi,13.024563,77.521153,"An incident of cybercrime was reported in Basavanagudi, Bangalore. The victim approached the local police station and filed a complaint. Witnesses present at the scene confirmed the occurrence of the incident. Police have registered the case and begun their investigation.",open,163,2025-08-02 02:02:00
BLR-2024-0164,2026-02-26,08:15:00,Cunningham Road PS,Bengaluru Central,Burglary,IPC 379,Cunningham Road,12.982175,77.599705,A case of burglary occurred near Cunningham Road area in Bangalore. The complainant stated that the incident took place during the early hours. The accused fled the scene before authorities could arrive. Officers have collected evidence and are currently pursuing leads.,open,164,2026-02-26 05:08:00
BLR-2024-0165,2025-08-26,02:15:00,Cunningham Road PS,Bengaluru Central,Robbery,"IPC 392, IPC 394",Cunningham Road,12.988146,77.606819,Residents of Cunningham Road reported a robbery incident to the police. The victim sustained losses and immediately notified the nearest police station. CCTV footage from nearby cameras is being reviewed by the investigating team. The police have assured that the matter will be resolved promptly.,under_investigation,165,2025-08-26 04:37:00
BLR-2024-0166,2025-12-06,22:45:00,BTM Layout PS,Bengaluru South,Stalking,IPC 354D,Brigade Road,12.935845,77.608359,A complaint regarding stalking was lodged at the Brigade Road police station. The incident reportedly occurred in a busy area during daylight hours. Local authorities have taken cognizance of the matter and filed an FIR. Further investigation is underway to identify and apprehend the suspect.,closed,166,2025-12-06 03:02:00
BLR-2024-0167,2025-12-30,14:50:00,Whitefield PS,Bengaluru East,Drug Possession,IPC 379,Frazer Town,12.985471,77.744067,A complaint regarding drug possession was lodged at the Frazer Town police station. The incident reportedly occurred in a busy area during daylight hours. Local authorities have taken cognizance of the matter and filed an FIR. Further investigation is underway to identify and apprehend the suspect.,open,167,2025-12-30 03:34:00
BLR-2024-0168,2026-04-07,08:15:00,Shivajinagar PS,Bengaluru East,Drug Possession,IPC 379,Shivajinagar,12.954844,77.663106,A case of drug possession occurred near Shivajinagar area in Bangalore. The complainant stated that the incident took place during the early hours. The accused fled the scene before authorities could arrive. Officers have collected evidence and are currently pursuing leads.,closed,168,2026-04-07 01:42:00
BLR-2024-0169,2025-06-07,06:30:00,Hebbal PS,Bengaluru North,Cybercrime,"IT Act 66C, IT Act 66D",Hebbal,13.058502,77.5918,A case of cybercrime occurred near Hebbal area in Bangalore. The complainant stated that the incident took place during the early hours. The accused fled the scene before authorities could arrive. Officers have collected evidence and are currently pursuing leads.,open,169,2025-06-07 03:15:00
BLR-2024-0170,2025-09-13,20:00:00,Basavanagudi PS,Bengaluru South,Domestic Violence,"IPC 498A, IPC 323",Basavanagudi,12.945088,77.564364,A case of domestic violence occurred near Basavanagudi area in Bangalore. The complainant stated that the incident took place during the early hours. The accused fled the scene before authorities could arrive. Officers have collected evidence and are currently pursuing leads.,open,170,2025-09-13 05:13:00
BLR-2024-0171,2026-02-25,22:45:00,JP Nagar PS,Bengaluru South,Cheating,IPC 379,JP Nagar,12.912999,77.560329,Residents of JP Nagar reported a cheating incident to the police. The victim sustained losses and immediately notified the nearest police station. CCTV footage from nearby cameras is being reviewed by the investigating team. The police have assured that the matter will be resolved promptly.,open,171,2026-02-25 03:54:00
BLR-2024-0172,2026-01-04,09:45:00,JP Nagar PS,Bengaluru South,Cybercrime,"IT Act 66C, IT Act 66D",JP Nagar,12.959127,77.587815,A case of cybercrime occurred near JP Nagar area in Bangalore. The complainant stated that the incident took place during the early hours. The accused fled the scene before authorities could arrive. Officers have collected evidence and are currently pursuing leads.,open,172,2026-01-04 01:08:00
BLR-2024-0173,2025-10-23,22:45:00,Rajajinagar PS,Bengaluru West,Fraud,"IPC 420, IPC 468",Rajajinagar,12.991495,77.55519,A complaint regarding fraud was lodged at the Rajajinagar police station. The incident reportedly occurred in a busy area during daylight hours. Local authorities have taken cognizance of the matter and filed an FIR. Further investigation is underway to identify and apprehend the suspect.,open,173,2025-10-23 01:11:00
BLR-2024-0174,2026-01-08,08:15:00,Indiranagar PS,Bengaluru East,Assault,"IPC 351, IPC 352",Frazer Town,12.960141,77.680515,A case of assault occurred near Frazer Town area in Bangalore. The complainant stated that the incident took place during the early hours. The accused fled the scene before authorities could arrive. Officers have collected evidence and are currently pursuing leads.,open,174,2026-01-08 04:28:00
BLR-2024-0175,2025-08-11,20:00:00,Vijayanagar PS,Bengaluru West,Stalking,IPC 354D,Vijayanagar,13.000794,77.507634,"An incident of stalking was reported in Vijayanagar, Bangalore. The victim approached the local police station and filed a complaint. Witnesses present at the scene confirmed the occurrence of the incident. Police have registered the case and begun their investigation.",open,175,2025-08-11 05:02:00
BLR-2024-0176,2026-05-16,06:30:00,Shivajinagar PS,Bengaluru Central,Kidnapping,"IPC 363, IPC 365",Electronic City,12.988322,77.618561,A case of kidnapping occurred near Electronic City area in Bangalore. The complainant stated that the incident took place during the early hours. The accused fled the scene before authorities could arrive. Officers have collected evidence and are currently pursuing leads.,closed,176,2026-05-16 04:27:00
BLR-2024-0177,2025-12-15,08:15:00,Jalahalli PS,Bengaluru North,Domestic Violence,"IPC 498A, IPC 323",Sarjapur,13.062744,77.581049,A case of domestic violence occurred near Sarjapur area in Bangalore. The complainant stated that the incident took place during the early hours. The accused fled the scene before authorities could arrive. Officers have collected evidence and are currently pursuing leads.,open,177,2025-12-15 05:09:00
BLR-2024-0178,2025-12-19,22:45:00,JP Nagar PS,Bengaluru South,Drug Possession,IPC 379,JP Nagar,12.898833,77.593702,"An incident of drug possession was reported in JP Nagar, Bangalore. The victim approached the local police station and filed a complaint. Witnesses present at the scene confirmed the occurrence of the incident. Police have registered the case and begun their investigation.",under_investigation,178,2025-12-19 03:24:00
BLR-2024-0179,2026-02-01,16:10:00,Cunningham Road PS,Bengaluru Central,Domestic Violence,"IPC 498A, IPC 323",HSR Layout,12.981796,77.600222,A complaint regarding domestic violence was lodged at the HSR Layout police station. The incident reportedly occurred in a busy area during daylight hours. Local authorities have taken cognizance of the matter and filed an FIR. Further investigation is underway to identify and apprehend the suspect.,open,179,2026-02-01 01:54:00
BLR-2024-0180,2025-09-08,16:10:00,MG Road PS,Bengaluru Central,Fraud,"IPC 420, IPC 468",Bannerghatta Road,12.987203,77.615524,A case of fraud occurred near Bannerghatta Road area in Bangalore. The complainant stated that the incident took place during the early hours. The accused fled the scene before authorities could arrive. Officers have collected evidence and are currently pursuing leads.,open,180,2025-09-08 04:25:00
BLR-2024-0181,2026-02-17,13:20:00,Rajajinagar PS,Bengaluru West,Vandalism,"IPC 427, IPC 435",Electronic City,12.988753,77.521877,A complaint regarding vandalism was lodged at the Electronic City police station. The incident reportedly occurred in a busy area during daylight hours. Local authorities have taken cognizance of the matter and filed an FIR. Further investigation is underway to identify and apprehend the suspect.,open,181,2026-02-17 02:43:00
BLR-2024-0182,2025-09-13,08:15:00,Shivajinagar PS,Bengaluru West,Robbery,"IPC 392, IPC 394",Shivajinagar,12.974028,77.558224,A complaint regarding robbery was lodged at the Shivajinagar police station. The incident reportedly occurred in a busy area during daylight hours. Local authorities have taken cognizance of the matter and filed an FIR. Further investigation is underway to identify and apprehend the suspect.,closed,182,2025-09-13 01:47:00
BLR-2024-0183,2026-04-24,20:00:00,Whitefield PS,Bengaluru East,Robbery,"IPC 392, IPC 394",Koramangala,12.99451,77.700376,"An incident of robbery was reported in Koramangala, Bangalore. The victim approached the local police station and filed a complaint. Witnesses present at the scene confirmed the occurrence of the incident. Police have registered the case and begun their investigation.",under_investigation,183,2026-04-24 03:42:00
BLR-2024-0184,2026-03-19,16:10:00,Jalahalli PS,Bengaluru North,Assault,"IPC 351, IPC 352",Brigade Road,13.041216,77.596574,"An incident of assault was reported in Brigade Road, Bangalore. The victim approached the local police station and filed a complaint. Witnesses present at the scene confirmed the occurrence of the incident. Police have registered the case and begun their investigation.",open,184,2026-03-19 03:38:00
BLR-2024-0185,2026-04-23,11:00:00,Hebbal PS,Bengaluru North,Kidnapping,"IPC 363, IPC 365",Hebbal,13.041099,77.590454,A complaint regarding kidnapping was lodged at the Hebbal police station. The incident reportedly occurred in a busy area during daylight hours. Local authorities have taken cognizance of the matter and filed an FIR. Further investigation is underway to identify and apprehend the suspect.,open,185,2026-04-23 04:14:00
BLR-2024-0186,2025-07-30,08:15:00,Vijayanagar PS,Bengaluru West,Vehicle Theft,IPC 379,Vijayanagar,12.991007,77.538939,"An incident of vehicle theft was reported in Vijayanagar, Bangalore. The victim approached the local police station and filed a complaint. Witnesses present at the scene confirmed the occurrence of the incident. Police have registered the case and begun their investigation.",open,186,2025-07-30 05:14:00
BLR-2024-0187,2025-11-10,22:45:00,Hebbal PS,Bengaluru North,Cybercrime,"IT Act 66C, IT Act 66D",Hebbal,13.070709,77.618218,A case of cybercrime occurred near Hebbal area in Bangalore. The complainant stated that the incident took place during the early hours. The accused fled the scene before authorities could arrive. Officers have collected evidence and are currently pursuing leads.,under_investigation,187,2025-11-10 05:01:00
BLR-2024-0188,2025-09-19,13:20:00,Basavanagudi PS,Bengaluru Central,Vandalism,"IPC 427, IPC 435",Basavanagudi,13.007163,77.613178,"An incident of vandalism was reported in Basavanagudi, Bangalore. The victim approached the local police station and filed a complaint. Witnesses present at the scene confirmed the occurrence of the incident. Police have registered the case and begun their investigation.",open,188,2025-09-19 02:17:00
BLR-2024-0189,2026-06-06,09:45:00,KR Puram PS,Bengaluru East,Theft,IPC 379,Electronic City,12.978082,77.651769,Residents of Electronic City reported a theft incident to the police. The victim sustained losses and immediately notified the nearest police station. CCTV footage from nearby cameras is being reviewed by the investigating team. The police have assured that the matter will be resolved promptly.,under_investigation,189,2026-06-06 04:04:00
BLR-2024-0190,2025-10-05,16:10:00,Jayanagar PS,Bengaluru South,Kidnapping,"IPC 363, IPC 365",Brigade Road,12.896423,77.587134,A case of kidnapping occurred near Brigade Road area in Bangalore. The complainant stated that the incident took place during the early hours. The accused fled the scene before authorities could arrive. Officers have collected evidence and are currently pursuing leads.,closed,190,2025-10-05 04:21:00
BLR-2024-0191,2026-04-14,22:45:00,Cunningham Road PS,Bengaluru Central,Robbery,"IPC 392, IPC 394",Cunningham Road,12.984802,77.608864,Residents of Cunningham Road reported a robbery incident to the police. The victim sustained losses and immediately notified the nearest police station. CCTV footage from nearby cameras is being reviewed by the investigating team. The police have assured that the matter will be resolved promptly.,under_investigation,191,2026-04-14 01:56:00
BLR-2024-0192,2025-11-15,06:30:00,BTM Layout PS,Bengaluru South,Hit and Run,"IPC 279, IPC 304A",BTM Layout,12.900891,77.602811,A case of hit and run occurred near BTM Layout area in Bangalore. The complainant stated that the incident took place during the early hours. The accused fled the scene before authorities could arrive. Officers have collected evidence and are currently pursuing leads.,open,192,2025-11-15 03:28:00
BLR-2024-0193,2026-06-02,13:20:00,BTM Layout PS,Bengaluru South,Cheating,IPC 379,BTM Layout,12.923996,77.580943,Residents of BTM Layout reported a cheating incident to the police. The victim sustained losses and immediately notified the nearest police station. CCTV footage from nearby cameras is being reviewed by the investigating team. The police have assured that the matter will be resolved promptly.,open,193,2026-06-02 05:07:00
BLR-2024-0194,2025-09-29,00:30:00,Yelahanka PS,Bengaluru North,Vehicle Theft,IPC 379,Yelahanka,13.045795,77.569827,"An incident of vehicle theft was reported in Yelahanka, Bangalore. The victim approached the local police station and filed a complaint. Witnesses present at the scene confirmed the occurrence of the incident. Police have registered the case and begun their investigation.",under_investigation,194,2025-09-29 04:33:00
BLR-2024-0195,2026-05-14,06:30:00,Indiranagar PS,Bengaluru East,Cybercrime,"IT Act 66C, IT Act 66D",Bellandur,12.967641,77.748133,Residents of Bellandur reported a cybercrime incident to the police. The victim sustained losses and immediately notified the nearest police station. CCTV footage from nearby cameras is being reviewed by the investigating team. The police have assured that the matter will be resolved promptly.,open,195,2026-05-14 02:19:00
BLR-2024-0196,2026-04-01,13:20:00,Yelahanka PS,Bengaluru North,Kidnapping,"IPC 363, IPC 365",Yelahanka,13.066041,77.603491,Residents of Yelahanka reported a kidnapping incident to the police. The victim sustained losses and immediately notified the nearest police station. CCTV footage from nearby cameras is being reviewed by the investigating team. The police have assured that the matter will be resolved promptly.,open,196,2026-04-01 01:00:00
BLR-2024-0197,2026-05-28,16:10:00,BTM Layout PS,Bengaluru South,Cybercrime,"IT Act 66C, IT Act 66D",BTM Layout,12.942291,77.562299,A complaint regarding cybercrime was lodged at the BTM Layout police station. The incident reportedly occurred in a busy area during daylight hours. Local authorities have taken cognizance of the matter and filed an FIR. Further investigation is underway to identify and apprehend the suspect.,under_investigation,197,2026-05-28 02:32:00
BLR-2024-0198,2026-05-08,08:15:00,Basavanagudi PS,Bengaluru Central,Vandalism,"IPC 427, IPC 435",Basavanagudi,13.003334,77.612248,A case of vandalism occurred near Basavanagudi area in Bangalore. The complainant stated that the incident took place during the early hours. The accused fled the scene before authorities could arrive. Officers have collected evidence and are currently pursuing leads.,closed,198,2026-05-08 01:27:00
BLR-2024-0199,2025-06-16,14:50:00,Marathahalli PS,Bengaluru East,Burglary,IPC 379,Marathahalli,12.98678,77.639344,Residents of Marathahalli reported a burglary incident to the police. The victim sustained losses and immediately notified the nearest police station. CCTV footage from nearby cameras is being reviewed by the investigating team. The police have assured that the matter will be resolved promptly.,under_investigation,199,2025-06-16 04:36:00
BLR-2024-0200,2026-02-14,08:15:00,Cunningham Road PS,Bengaluru Central,Vehicle Theft,IPC 379,Cunningham Road,12.99838,77.596708,A case of vehicle theft occurred near Cunningham Road area in Bangalore. The complainant stated that the incident took place during the early hours. The accused fled the scene before authorities could arrive. Officers have collected evidence and are currently pursuing leads.,closed,200,2026-02-14 01:20:00
